hash,sig,hash1,sig1,hash2,sig2,owner,tokenId,operator,from,to,extraData,approved,status,data,recordID,participant,currentHash,newHash,interfaceId,index
"0xc89efdaa54c0f20c7adf612882df0950f5a951637e0307cdcb4c672f298b8bc6","0xc89efdaa54c0f20c7adf612882df0950f5a951637e0307cdcb4c672f298b8bc6c89efdaa54c0f20c7adf612882df0950f5a951637e0307cdcb4c672f298b8bc6c8","0xc89efdaa54c0f20c7adf612882df0950f5a951637e0307cdcb4c672f298b8bc6","0xc89efdaa54c0f20c7adf612882df0950f5a951637e0307cdcb4c672f298b8bc6c89efdaa54c0f20c7adf612882df0950f5a951637e0307cdcb4c672f298b8bc612","0xc89efdaa54c0f20c7adf612882df0950f5a951637e0307cdcb4c672f298b8bc6","0xc89efdaa54c0f20c7adf612882df0950f5a951637e0307cdcb4c672f298b8bc6c89efdaa54c0f20c7adf612882df0950f5a951637e0307cdcb4c672f298b8bc615","0x123f681646d4a755815f9cb19e1acc8565a0c2ac","0x00000000000000000000000000000000000000000000000000000000000003e8","0x123f681646d4a755815f9cb19e1acc8565a0c2ac","0x123f681646d4a755815f9cb19e1acc8565a0c2ac","0x123f681646d4a755815f9cb19e1acc8565a0c2ac","0x","0x123f681646d4a755815f9cb19e1acc8565a0c2ac","1","0x","0xc89efdaa54c0f20c7adf612882df0950f5a951637e0307cdcb4c672f298b8bc6","0x123f681646d4a755815f9cb19e1acc8565a0c2ac","0xc89efdaa54c0f20c7adf612882df0950f5a951637e0307cdcb4c672f298b8bc6","0xc89efdaa54c0f20c7adf612882df0950f5a951637e0307cdcb4c672f298b8bc6","0x80ac58cd","0x0000000000000000000000000000000000000000000000000000000000000001"
"0x1c89efdaa54c0f20c7adf612882df0950f5a951637e0307cdcb4c672f298b8bc6","0xc89efdaa54c0f20c7adf612882df0950f5a951637e0307cdcb4c672f298b8bc6c89efdaa54c0f20c7adf612882df0950f5a951637e0307cdcb4c672f298b8bc6c8","0xc89efdaa54c0f20c7adf612882df0950f5a951637e0307cdcb4c672f298b8bc6","0xc89efdaa54c0f20c7adf612882df0950f5a951637e0307cdcb4c672f298b8bc6c89efdaa54c0f20c7adf612882df0950f5a951637e0307cdcb4c672f298b8bc612","0xc89efdaa54c0f20c7adf612882df0950f5a951637e0307cdcb4c672f298b8bc6","0xc89efdaa54c0f20c7adf612882df0950f5a951637e0307cdcb4c672f298b8bc6c89efdaa54c0f20c7adf612882df0950f5a951637e0307cdcb4c672f298b8bc615","0x123f681646d4a755815f9cb19e1acc8565a0c2ac","0x00000000000000000000000000000000000000000000000000000000000003e8","0x123f681646d4a755815f9cb19e1acc8565a0c2ac","0x123f681646d4a755815f9cb19e1acc8565a0c2ac","0x123f681646d4a755815f9cb19e1acc8565a0c2ac","0x","0x123f681646d4a755815f9cb19e1acc8565a0c2ac","1","0x","0xc89efdaa54c0f20c7adf612882df0950f5a951637e0307cdcb4c672f298b8bc6","0x123f681646d4a755815f9cb19e1acc8565a0c2ac","0xc89efdaa54c0f20c7adf612882df0950f5a951637e0307cdcb4c672f298b8bc6","0xc89efdaa54c0f20c7adf612882df0950f5a951637e0307cdcb4c672f298b8bc6","0x80ac58cd","0x0000000000000000000000000000000000000000000000000000000000000001"
"0xc89efdaa54c0f20c7adf612882df0950f5a951637e0307cdcb4c672f298b8bc6","0xc89efdaa54c0f20c7adf612882df0950f5a951637e0307cdcb4c672f298b8bc6c89efdaa54c0f20c7adf612882df0950f5a951637e0307cdcb4c672f298b8bc61c8","0xc89efdaa54c0f20c7adf612882df0950f5a951637e0307cdcb4c672f298b8bc6","0xc89efdaa54c0f20c7adf612882df0950f5a951637e0307cdcb4c672f298b8bc6c89efdaa54c0f20c7adf612882df0950f5a951637e0307cdcb4c672f298b8bc612","0xc89efdaa54c0f20c7adf612882df0950f5a951637e0307cdcb4c672f298b8bc6","0xc89efdaa54c0f20c7adf612882df0950f5a951637e0307cdcb4c672f298b8bc6c89efdaa54c0f20c7adf612882df0950f5a951637e0307cdcb4c672f298b8bc615","0x123f681646d4a755815f9cb19e1acc8565a0c2ac","0x00000000000000000000000000000000000000000000000000000000000003e8","0x123f681646d4a755815f9cb19e1acc8565a0c2ac","0x123f681646d4a755815f9cb19e1acc8565a0c2ac","0x123f681646d4a755815f9cb19e1acc8565a0c2ac","0x","0x123f681646d4a755815f9cb19e1acc8565a0c2ac","1","0x","0xc89efdaa54c0f20c7adf612882df0950f5a951637e0307cdcb4c672f298b8bc6","0x123f681646d4a755815f9cb19e1acc8565a0c2ac","0xc89efdaa54c0f20c7adf612882df0950f5a951637e0307cdcb4c672f298b8bc6","0xc89efdaa54c0f20c7adf612882df0950f5a951637e0307cdcb4c672f298b8bc6","0x80ac58cd","0x0000000000000000000000000000000000000000000000000000000000000001"
"0xc89efdaa54c0f20c7adf612882df0950f5a951637e0307cdcb4c672f298b8bc6","0x1c89efdaa54c0f20c7adf612882df0950f5a951637e0307cdcb4c672f298b8bc6c89efdaa54c0f20c7adf612882df0950f5a951637e0307cdcb4c672f298b8bc6c8","0xc89efdaa54c0f20c7adf612882df0950f5a951637e0307cdcb4c672f298b8bc6","0xc89efdaa54c0f20c7adf612882df0950f5a951637e0307cdcb4c672f298b8bc6c89efdaa54c0f20c7adf612882df0950f5a951637e0307cdcb4c672f298b8bc612","0xc89efdaa54c0f20c7adf612882df0950f5a951637e0307cdcb4c672f298b8bc6","0xc89efdaa54c0f20c7adf612882df0950f5a951637e0307cdcb4c672f298b8bc6c89efdaa54c0f20c7adf612882df0950f5a951637e0307cdcb4c672f298b8bc615","0x123f681646d4a755815f9cb19e1acc8565a0c2ac","0x00000000000000000000000000000000000000000000000000000000000003e8","0x123f681646d4a755815f9cb19e1acc8565a0c2ac","0x123f681646d4a755815f9cb19e1acc8565a0c2ac","0x123f681646d4a755815f9cb19e1acc8565a0c2ac","0x","0x123f681646d4a755815f9cb19e1acc8565a0c2ac","1","0x","0xc89efdaa54c0f20c7adf612882df0950f5a951637e0307cdcb4c672f298b8bc6","0x123f681646d4a755815f9cb19e1acc8565a0c2ac","0xc89efdaa54c0f20c7adf612882df0950f5a951637e0307cdcb4c672f298b8bc6","0xc89efdaa54c0f20c7adf612882df0950f5a951637e0307cdcb4c672f298b8bc6","0x80ac58cd","0x0000000000000000000000000000000000000000000000000000000000000001"
"0xc89efdaa54c0f20c7adf612882df0950f5a951637e0307cdcb4c672f298b8bc6","0xc89efdaa54c0f20c7adf612882df0950f5a951637e0307cdcb4c672f298b8bc6c189efdaa54c0f20c7adf612882df0950f5a951637e0307cdcb4c672f298b8bc6c8","0xc89efdaa54c0f20c7adf612882df0950f5a951637e0307cdcb4c672f298b8bc6","0xc89efdaa54c0f20c7adf612882df0950f5a951637e0307cdcb4c672f298b8bc6c89efdaa54c0f20c7adf612882df0950f5a951637e0307cdcb4c672f298b8bc612","0xc89efdaa54c0f20c7adf612882df0950f5a951637e0307cdcb4c672f298b8bc6","0xc89efdaa54c0f20c7adf612882df0950f5a951637e0307cdcb4c672f298b8bc6c89efdaa54c0f20c7adf612882df0950f5a951637e0307cdcb4c672f298b8bc615","0x123f681646d4a755815f9cb19e1acc8565a0c2ac","0x00000000000000000000000000000000000000000000000000000000000003e8","0x123f681646d4a755815f9cb19e1acc8565a0c2ac","0x123f681646d4a755815f9cb19e1acc8565a0c2ac","0x123f681646d4a755815f9cb19e1acc8565a0c2ac","0x","0x123f681646d4a755815f9cb19e1acc8565a0c2ac","1","0x","0xc89efdaa54c0f20c7adf612882df0950f5a951637e0307cdcb4c672f298b8bc6","0x123f681646d4a755815f9cb19e1acc8565a0c2ac","0xc89efdaa54c0f20c7adf612882df0950f5a951637e0307cdcb4c672f298b8bc6","0xc89efdaa54c0f20c7adf612882df0950f5a951637e0307cdcb4c672f298b8bc6","0x80ac58cd","0x0000000000000000000000000000000000000000000000000000000000000001"
"0x89efdaa54c0f20c7adf612882df0950f5a951637e0307cdcb4c672f298b8bc6","0xc89efdaa54c0f20c7adf612882df0950f5a951637e0307cdcb4c672f298b8bc6c89efdaa54c0f20c7adf612882df0950f5a951637e0307cdcb4c672f298b8bc6c8","0xc89efdaa54c0f20c7adf612882df0950f5a951637e0307cdcb4c672f298b8bc6","0xc89efdaa54c0f20c7adf612882df0950f5a951637e0307cdcb4c672f298b8bc6c89efdaa54c0f20c7adf612882df0950f5a951637e0307cdcb4c672f298b8bc612","0xc89efdaa54c0f20c7adf612882df0950f5a951637e0307cdcb4c672f298b8bc6","0xc89efdaa54c0f20c7adf612882df0950f5a951637e0307cdcb4c672f298b8bc6c89efdaa54c0f20c7adf612882df0950f5a951637e0307cdcb4c672f298b8bc615","0x123f681646d4a755815f9cb19e1acc8565a0c2ac","0x00000000000000000000000000000000000000000000000000000000000003e8","0x123f681646d4a755815f9cb19e1acc8565a0c2ac","0x123f681646d4a755815f9cb19e1acc8565a0c2ac","0x123f681646d4a755815f9cb19e1acc8565a0c2ac","0x","0x123f681646d4a755815f9cb19e1acc8565a0c2ac","1","0x","0xc89efdaa54c0f20c7adf612882df0950f5a951637e0307cdcb4c672f298b8bc6","0x123f681646d4a755815f9cb19e1acc8565a0c2ac","0xc89efdaa54c0f20c7adf612882df0950f5a951637e0307cdcb4c672f298b8bc6","0xc89efdaa54c0f20c7adf612882df0950f5a951637e0307cdcb4c672f298b8bc6","0x80ac58cd","0x0000000000000000000000000000000000000000000000000000000000000001"
"0xc89efdaa54c0f20c7adf612882df0950f5a951637e0307cdcb4c672f298b8bc6","0xc89efdaa54c0f20c7adf612882df0950f5a951637e0307cdcb4c672f298b8bc6c89efdaa54c0f20c7adf612882df0950f5a951637e0307cdcb4c672f298b8bc68","0xc89efdaa54c0f20c7adf612882df0950f5a951637e0307cdcb4c672f298b8bc6","0xc89efdaa54c0f20c7adf612882df0950f5a951637e0307cdcb4c672f298b8bc6c89efdaa54c0f20c7adf612882df0950f5a951637e0307cdcb4c672f298b8bc612","0xc89efdaa54c0f20c7adf612882df0950f5a951637e0307cdcb4c672f298b8bc6","0xc89efdaa54c0f20c7adf612882df0950f5a951637e0307cdcb4c672f298b8bc6c89efdaa54c0f20c7adf612882df0950f5a951637e0307cdcb4c672f298b8bc615","0x123f681646d4a755815f9cb19e1acc8565a0c2ac","0x00000000000000000000000000000000000000000000000000000000000003e8","0x123f681646d4a755815f9cb19e1acc8565a0c2ac","0x123f681646d4a755815f9cb19e1acc8565a0c2ac","0x123f681646d4a755815f9cb19e1acc8565a0c2ac","0x","0x123f681646d4a755815f9cb19e1acc8565a0c2ac","1","0x","0xc89efdaa54c0f20c7adf612882df0950f5a951637e0307cdcb4c672f298b8bc6","0x123f681646d4a755815f9cb19e1acc8565a0c2ac","0xc89efdaa54c0f20c7adf612882df0950f5a951637e0307cdcb4c672f298b8bc6","0xc89efdaa54c0f20c7adf612882df0950f5a951637e0307cdcb4c672f298b8bc6","0x80ac58cd","0x0000000000000000000000000000000000000000000000000000000000000001"
"0xc89efdaa54c0f20c7adf612882df0950f5a951637e0307cdcb4c672f298b8bc6","0x89efdaa54c0f20c7adf612882df0950f5a951637e0307cdcb4c672f298b8bc6c89efdaa54c0f20c7adf612882df0950f5a951637e0307cdcb4c672f298b8bc6c8","0xc89efdaa54c0f20c7adf612882df0950f5a951637e0307cdcb4c672f298b8bc6","0xc89efdaa54c0f20c7adf612882df0950f5a951637e0307cdcb4c672f298b8bc6c89efdaa54c0f20c7adf612882df0950f5a951637e0307cdcb4c672f298b8bc612","0xc89efdaa54c0f20c7adf612882df0950f5a951637e0307cdcb4c672f298b8bc6","0xc89efdaa54c0f20c7adf612882df0950f5a951637e0307cdcb4c672f298b8bc6c89efdaa54c0f20c7adf612882df0950f5a951637e0307cdcb4c672f298b8bc615","0x123f681646d4a755815f9cb19e1acc8565a0c2ac","0x00000000000000000000000000000000000000000000000000000000000003e8","0x123f681646d4a755815f9cb19e1acc8565a0c2ac","0x123f681646d4a755815f9cb19e1acc8565a0c2ac","0x123f681646d4a755815f9cb19e1acc8565a0c2ac","0x","0x123f681646d4a755815f9cb19e1acc8565a0c2ac","1","0x","0xc89efdaa54c0f20c7adf612882df0950f5a951637e0307cdcb4c672f298b8bc6","0x123f681646d4a755815f9cb19e1acc8565a0c2ac","0xc89efdaa54c0f20c7adf612882df0950f5a951637e0307cdcb4c672f298b8bc6","0xc89efdaa54c0f20c7adf612882df0950f5a951637e0307cdcb4c672f298b8bc6","0x80ac58cd","0x0000000000000000000000000000000000000000000000000000000000000001"
"0xc89efdaa54c0f20c7adf612882df0950f5a951637e0307cdcb4c672f298b8bc6","0xc89efdaa54c0f20c7adf612882df0950f5a951637e0307cdcb4c672f298b8bc689efdaa54c0f20c7adf612882df0950f5a951637e0307cdcb4c672f298b8bc6c8","0xc89efdaa54c0f20c7adf612882df0950f5a951637e0307cdcb4c672f298b8bc6","0xc89efdaa54c0f20c7adf612882df0950f5a951637e0307cdcb4c672f298b8bc6c89efdaa54c0f20c7adf612882df0950f5a951637e0307cdcb4c672f298b8bc612","0xc89efdaa54c0f20c7adf612882df0950f5a951637e0307cdcb4c672f298b8bc6","0xc89efdaa54c0f20c7adf612882df0950f5a951637e0307cdcb4c672f298b8bc6c89efdaa54c0f20c7adf612882df0950f5a951637e0307cdcb4c672f298b8bc615","0x123f681646d4a755815f9cb19e1acc8565a0c2ac","0x00000000000000000000000000000000000000000000000000000000000003e8","0x123f681646d4a755815f9cb19e1acc8565a0c2ac","0x123f681646d4a755815f9cb19e1acc8565a0c2ac","0x123f681646d4a755815f9cb19e1acc8565a0c2ac","0x","0x123f681646d4a755815f9cb19e1acc8565a0c2ac","1","0x","0xc89efdaa54c0f20c7adf612882df0950f5a951637e0307cdcb4c672f298b8bc6","0x123f681646d4a755815f9cb19e1acc8565a0c2ac","0xc89efdaa54c0f20c7adf612882df0950f5a951637e0307cdcb4c672f298b8bc6","0xc89efdaa54c0f20c7adf612882df0950f5a951637e0307cdcb4c672f298b8bc6","0x80ac58cd","0x0000000000000000000000000000000000000000000000000000000000000001"
"0xz89efdaa54c0f20c7adf612882df0950f5a951637e0307cdcb4c672f298b8bc6","0xc89efdaa54c0f20c7adf612882df0950f5a951637e0307cdcb4c672f298b8bc6c89efdaa54c0f20c7adf612882df0950f5a951637e0307cdcb4c672f298b8bc6c8","0xc89efdaa54c0f20c7adf612882df0950f5a951637e0307cdcb4c672f298b8bc6","0xc89efdaa54c0f20c7adf612882df0950f5a951637e0307cdcb4c672f298b8bc6c89efdaa54c0f20c7adf612882df0950f5a951637e0307cdcb4c672f298b8bc612","0xc89efdaa54c0f20c7adf612882df0950f5a951637e0307cdcb4c672f298b8bc6","0xc89efdaa54c0f20c7adf612882df0950f5a951637e0307cdcb4c672f298b8bc6c89efdaa54c0f20c7adf612882df0950f5a951637e0307cdcb4c672f298b8bc615","0x123f681646d4a755815f9cb19e1acc8565a0c2ac","0x00000000000000000000000000000000000000000000000000000000000003e8","0x123f681646d4a755815f9cb19e1acc8565a0c2ac","0x123f681646d4a755815f9cb19e1acc8565a0c2ac","0x123f681646d4a755815f9cb19e1acc8565a0c2ac","0x","0x123f681646d4a755815f9cb19e1acc8565a0c2ac","1","0x","0xc89efdaa54c0f20c7adf612882df0950f5a951637e0307cdcb4c672f298b8bc6","0x123f681646d4a755815f9cb19e1acc8565a0c2ac","0xc89efdaa54c0f20c7adf612882df0950f5a951637e0307cdcb4c672f298b8bc6","0xc89efdaa54c0f20c7adf612882df0950f5a951637e0307cdcb4c672f298b8bc6","0x80ac58cd","0x0000000000000000000000000000000000000000000000000000000000000001"
"0xc89efdaa54c0f20c7adf612882df0950f5a951637e0307cdcb4c672f298b8bc6","0xc89efdaa54c0f20c7adf612882df0950f5a951637e0307cdcb4c672f298b8bc6c89efdaa54c0f20c7adf612882df0950f5a951637e0307cdcb4c672f298b8bc6cz","0xc89efdaa54c0f20c7adf612882df0950f5a951637e0307cdcb4c672f298b8bc6","0xc89efdaa54c0f20c7adf612882df0950f5a951637e0307cdcb4c672f298b8bc6c89efdaa54c0f20c7adf612882df0950f5a951637e0307cdcb4c672f298b8bc612","0xc89efdaa54c0f20c7adf612882df0950f5a951637e0307cdcb4c672f298b8bc6","0xc89efdaa54c0f20c7adf612882df0950f5a951637e0307cdcb4c672f298b8bc6c89efdaa54c0f20c7adf612882df0950f5a951637e0307cdcb4c672f298b8bc615","0x123f681646d4a755815f9cb19e1acc8565a0c2ac","0x00000000000000000000000000000000000000000000000000000000000003e8","0x123f681646d4a755815f9cb19e1acc8565a0c2ac","0x123f681646d4a755815f9cb19e1acc8565a0c2ac","0x123f681646d4a755815f9cb19e1acc8565a0c2ac","0x","0x123f681646d4a755815f9cb19e1acc8565a0c2ac","1","0x","0xc89efdaa54c0f20c7adf612882df0950f5a951637e0307cdcb4c672f298b8bc6","0x123f681646d4a755815f9cb19e1acc8565a0c2ac","0xc89efdaa54c0f20c7adf612882df0950f5a951637e0307cdcb4c672f298b8bc6","0xc89efdaa54c0f20c7adf612882df0950f5a951637e0307cdcb4c672f298b8bc6","0x80ac58cd","0x0000000000000000000000000000000000000000000000000000000000000001"
"0xc89efdaa54c0f20c7adf612882df0950f5a951637e0307cdcb4c672f298b8bc6","0xcz9efdaa54c0f20c7adf612882df0950f5a951637e0307cdcb4c672f298b8bc6c89efdaa54c0f20c7adf612882df0950f5a951637e0307cdcb4c672f298b8bc6c8","0xc89efdaa54c0f20c7adf612882df0950f5a951637e0307cdcb4c672f298b8bc6","0xc89efdaa54c0f20c7adf612882df0950f5a951637e0307cdcb4c672f298b8bc6c89efdaa54c0f20c7adf612882df0950f5a951637e0307cdcb4c672f298b8bc612","0xc89efdaa54c0f20c7adf612882df0950f5a951637e0307cdcb4c672f298b8bc6","0xc89efdaa54c0f20c7adf612882df0950f5a951637e0307cdcb4c672f298b8bc6c89efdaa54c0f20c7adf612882df0950f5a951637e0307cdcb4c672f298b8bc615","0x123f681646d4a755815f9cb19e1acc8565a0c2ac","0x00000000000000000000000000000000000000000000000000000000000003e8","0x123f681646d4a755815f9cb19e1acc8565a0c2ac","0x123f681646d4a755815f9cb19e1acc8565a0c2ac","0x123f681646d4a755815f9cb19e1acc8565a0c2ac","0x","0x123f681646d4a755815f9cb19e1acc8565a0c2ac","1","0x","0xc89efdaa54c0f20c7adf612882df0950f5a951637e0307cdcb4c672f298b8bc6","0x123f681646d4a755815f9cb19e1acc8565a0c2ac","0xc89efdaa54c0f20c7adf612882df0950f5a951637e0307cdcb4c672f298b8bc6","0xc89efdaa54c0f20c7adf612882df0950f5a951637e0307cdcb4c672f298b8bc6","0x80ac58cd","0x0000000000000000000000000000000000000000000000000000000000000001"
"0xc89efdaa54c0f20c7adf612882df0950f5a951637e0307cdcb4c672f298b8bc6","0xc89efdaa54c0f20c7adf612882df0950f5a951637e0307cdcb4c672f298b8bc6cz9efdaa54c0f20c7adf612882df0950f5a951637e0307cdcb4c672f298b8bc6c8","0xc89efdaa54c0f20c7adf612882df0950f5a951637e0307cdcb4c672f298b8bc6","0xc89efdaa54c0f20c7adf612882df0950f5a951637e0307cdcb4c672f298b8bc6c89efdaa54c0f20c7adf612882df0950f5a951637e0307cdcb4c672f298b8bc612","0xc89efdaa54c0f20c7adf612882df0950f5a951637e0307cdcb4c672f298b8bc6","0xc89efdaa54c0f20c7adf612882df0950f5a951637e0307cdcb4c672f298b8bc6c89efdaa54c0f20c7adf612882df0950f5a951637e0307cdcb4c672f298b8bc615","0x123f681646d4a755815f9cb19e1acc8565a0c2ac","0x00000000000000000000000000000000000000000000000000000000000003e8","0x123f681646d4a755815f9cb19e1acc8565a0c2ac","0x123f681646d4a755815f9cb19e1acc8565a0c2ac","0x123f681646d4a755815f9cb19e1acc8565a0c2ac","0x","0x123f681646d4a755815f9cb19e1acc8565a0c2ac","1","0x","0xc89efdaa54c0f20c7adf612882df0950f5a951637e0307cdcb4c672f298b8bc6","0x123f681646d4a755815f9cb19e1acc8565a0c2ac","0xc89efdaa54c0f20c7adf612882df0950f5a951637e0307cdcb4c672f298b8bc6","0xc89efdaa54c0f20c7adf612882df0950f5a951637e0307cdcb4c672f298b8bc6","0x80ac58cd","0x0000000000000000000000000000000000000000000000000000000000000001"
"0xc89efdaa54c0f20c7adf612882df0950f5a951637e0307cdcb4c672f298b8bc6","0xc89efdaa54c0f20c7adf612882df0950f5a951637e0307cdcb4c672f298b8bc6c89efdaa54c0f20c7adf612882df0950f5a951637e0307cdcb4c672f298b8bc6c8","0x89efdaa54c0f20c7adf612882df0950f5a951637e0307cdcb4c672f298b8bc6","0x89efdaa54c0f20c7adf612882df0950f5a951637e0307cdcb4c672f298b8bc689efdaa54c0f20c7adf612882df0950f5a951637e0307cdcb4c672f298b8bc62","0x89efdaa54c0f20c7adf612882df0950f5a951637e0307cdcb4c672f298b8bc6","0xc9efdaa54c0f20c7adf612882df0950f5a951637e0307cdcb4c672f298b8bc6c9efdaa54c0f20c7adf612882df0950f5a951637e0307cdcb4c672f298b8bc65","0x23f681646d4a755815f9cb19e1acc8565a0c2ac","0xffffffffffffffffffffffffffffffffffffffffffffffffffffffffffffffff","0x13f681646d4a755815f9cb19e1acc8565a0c2ac","0x13f681646d4a755815f9cb19e1acc8565a0c2ac","0x13f681646d4a755815f9cb19e1acc8565a0c2ac","0","0x23f681646d4a755815f9cb19e1acc8565a0c2ac","-1","0","0x89efdaa54c0f20c7adf612882df0950f5a951637e0307cdcb4c672f298b8bc6","0x12f681646d4a755815f9cb19e1acc8565a0c2ac","0xc89edaa54c0f20c7adf612882df0950f5a951637e0307cdcb4c672f298b8bc6","0xc9efdaa54c0f20c7adf612882df0950f5a951637e0307cdcb4c672f298b8bc6","0x80ac58cd","0x0000000000000000000000000000000000000000000000000000000000000001"
"0xc89efdaa54c0f20c7adf612882df0950f5a951637e0307cdcb4c672f298b8bc6","0xc89efdaa54c0f20c7adf612882df0950f5a951637e0307cdcb4c672f298b8bc6c89efdaa54c0f20c7adf612882df0950f5a951637e0307cdcb4c672f298b8bc6c8","0xdc89efdaa54c0f20c7adf612882df0950f5a951637e0307cdcb4c672f298b8bc6","0xcd89efdaa54c0f20c7adf612882df0950f5a951637e0307cdcb4c672f298b8bc6dc89efdaa54c0f20c7adf612882df0950f5a951637e0307cdcb4c672f298b8bc6d12","0xcd89efdaa54c0f20c7adf612882df0950f5a951637e0307cdcb4c672f298b8bc6","0xdc89efdaa54c0f20c7adf612882df0950f5a951637e0307cdcb4c672f298b8bc6dc89efdaa54c0f20c7adf612882df0950f5a951637e0307cdcb4c672f298b8bc6d15","0xd123f681646d4a755815f9cb19e1acc8565a0c2ac","0x00000000000000000000000000000000000000000000000000000000000003e8","0xd123f681646d4a755815f9cb19e1acc8565a0c2ac","0xd123f681646d4a755815f9cb19e1acc8565a0c2ac","0xd123f681646d4a755815f9cb19e1acc8565a0c2ac","0x","0xd123f681646d4a755815f9cb19e1acc8565a0c2ac","5","0x","0xdc89efdaa54c0f20c7adf612882df0950f5a951637e0307cdcb4c672f298b8bc6","0xd123f681646d4a755815f9cb19e1acc8565a0c2ac","0xdc89efdaa54c0f20c7adf612882df0950f5a951637e0307cdcb4c672f298b8bc6","0xdc89efdaa54c0f20c7adf612882df0950f5a951637e0307cdcb4c672f298b8bc6","0x80ac58c","0x0000000000000000000000000000000000000000000000000000000000000001"
"0xc89efdaa54c0f20c7adf612882df0950f5a951637e0307cdcb4c672f298b8bc6","0xc89efdaa54c0f20c7adf612882df0950f5a951637e0307cdcb4c672f298b8bc6c89efdaa54c0f20c7adf612882df0950f5a951637e0307cdcb4c672f298b8bc6c8","0xz89efdaa54c0f20c7adf612882df0950f5a951637e0307cdcb4c672f298b8bc6","0xz89efdaa54c0f20c7adf612882df0950f5a951637e0307cdcb4c672f298b8bc6z89efdaa54c0f20c7adf612882df0950f5a951637e0307cdcb4c672f298b8bc6z2","0xcg9efdaa54c0f20c7adf612882df0950f5a951637e0307cdcb4c672f298b8bc6","0xct9efdaa54c0f20c7adf612882df0950f5a951637e0307cdcb4c672f298b8bc6t89efdaa54c0f20c7adf612882df0950f5a951637e0307cdcb4c672f298b8bc61t","0x1t3f681646d4a755815f9cb19e1acc8565a0c2ac","0x00000000000000000000000000000000000000000000000000000000000003e8","0xg23f681646d4a755815f9cb19e1acc8565a0c2ac","0xg23f681646d4a755815f9cb19e1acc8565a0c2ac","0xg23f681646d4a755815f9cb19e1acc8565a0c2ac","0xg","0x1g3f681646d4a755815f9cb19e1acc8565a0c2ac","g","0xg","0xg89efdaa54c0f20c7adf612882df0950f5a951637e0307cdcb4c672f298b8bc6","0xg23f681646d4a755815f9cb19e1acc8565a0c2ac","0xg89efdaa54c0f20c7adf612882df0950f5a951637e0307cdcb4c672f298b8bc6","0xg89efdaa54c0f20c7adf612882df0950f5a951637e0307cdcb4c672f298b8bc6","ghainfiashg","0x0000000000000000000000000000000000000000000000000000000000000001"
"0xc89efdaa54c0f20c7adf612882df0950f5a951637e0307cdcb4c672f298b8bc6","0xc89efdaa54c0f20c7adf612882df0950f5a951637e0307cdcb4c672f298b8bc6c89efdaa54c0f20c7adf612882df0950f5a951637e0307cdcb4c672f298b8bc6c8","c89efdaa54c0f20c7adf612882df0950f5a951637e0307cdcb4c672f298b8bc6","c89efdaa54c0f20c7adf612882df0950f5a951637e0307cdcb4c672f298b8bc6c89efdaa54c0f20c7adf612882df0950f5a951637e0307cdcb4c672f298b8bc6","c89efdaa54c0f20c7adf612882df0950f5a951637e0307cdcb4c672f298b8bc6","c89efdaa54c0f20c7adf612882df0950f5a951637e0307cdcb4c672f298b8bc6c89efdaa54c0f20c7adf612882df0950f5a951637e0307cdcb4c672f298b8bc615","123f681646d4a755815f9cb19e1acc8565a0c2ac","0x00000000000000000000000000000000000000000000000000000000000003e8","123f681646d4a755815f9cb19e1acc8565a0c2ac","123f681646d4a755815f9cb19e1acc8565a0c2ac","123f681646d4a755815f9cb19e1acc8565a0c2ac","o","123f681646d4a755815f9cb19e1acc8565a0c2ac","1","0","0c89efdaa54c0f20c7adf612882df0950f5a951637e0307cdcb4c672f298b8bc6","0123f681646d4a755815f9cb19e1acc8565a0c2ac","c89efdaa54c0f20c7adf612882df0950f5a951637e0307cdcb4c672f298b8bc6","c89efdaa54c0f20c7adf612882df0950f5a951637e0307cdcb4c672f298b8bc6","0x80ac58cd0","0x0000000000000000000000000000000000000000000000000000000000000001"
