hash, sig, newController, newMaster, id, target
"0xc89efdaa54c0f20c7adf612882df0950f5a951637e0307cdcb4c672f298b8bc6","0xc89efdaa54c0f20c7adf612882df0950f5a951637e0307cdcb4c672f298b8bc689efdaa54c0f20c7adf612882df0950f5a951637e0307cdcb4c672f298b8bc6c8","0xC257274276a4E539741Ca11b590B9447B26A8051","0xC257274276a4E539741Ca11b590B9447B26A8051","0xC2572742","0xC257274276a4E539741Ca11b590B9447B26A8051"
"0x89efdaa54c0f20c7adf612882df0950f5a951637e0307cdcb4c672f298b8bc6","0xc89efdaa54c0f20c7adf612882df0950f5a951637e0307cdcb4c672f298b8bc6c89efdaa54c0f20c7adf612882df0950f5a951637e0307cdcb4c672f298b8bc6c8","0xC257274276a4E539741Ca11b590B9447B26A8051","0xC257274276a4E539741Ca11b590B9447B26A8051","0xC2572742","0xC257274276a4E539741Ca11b590B9447B26A8051"
"0xc89efdaa54c0f20c7adf612882df0950f5a951637e0307cdcb4c672f298b8bc6","0xc89efdaa54c0f20c7adf612882df0950f5a951637e0307cdcb4c672f298b8bc6c89efdaa54c0f20c7adf612882df0950f5a951637e0307cdcb4c672f298b8bc68","0xC257274276a4E539741Ca11b590B9447B26A8051","0xC257274276a4E539741Ca11b590B9447B26A8051","0xC2572742","0xC257274276a4E539741Ca11b590B9447B26A8051"
"0xc89efdaa54c0f20c7adf612882df0950f5a951637e0307cdcb4c672f298b8bc6","0x89efdaa54c0f20c7adf612882df0950f5a951637e0307cdcb4c672f298b8bc6c89efdaa54c0f20c7adf612882df0950f5a951637e0307cdcb4c672f298b8bc6c8","0xC257274276a4E539741Ca11b590B9447B26A8051","0xC257274276a4E539741Ca11b590B9447B26A8051","0xC2572742","0xC257274276a4E539741Ca11b590B9447B26A8051"
"0xc89efdaa54c0f20c7adf612882df0950f5a951637e0307cdcb4c672f298b8bc6","0xc89efdaa54c0f20c7adf612882df0950f5a951637e0307cdcb4c672f298b8bc6c89edaa54c0f20c7adf612882df0950f5a951637e0307cdcb4c672f298b8bc6c8","0xC257274276a4E539741Ca11b590B9447B26A8051","0xC257274276a4E539741Ca11b590B9447B26A8051","0xC2572742","0xC257274276a4E539741Ca11b590B9447B26A8051"
"0x1c89efdaa54c0f20c7adf612882df0950f5a951637e0307cdcb4c672f298b8bc6","0xc89efdaa54c0f20c7adf612882df0950f5a951637e0307cdcb4c672f298b8bc6c89efdaa54c0f20c7adf612882df0950f5a951637e0307cdcb4c672f298b8bc6c8","0xC257274276a4E539741Ca11b590B9447B26A8051","0xC257274276a4E539741Ca11b590B9447B26A8051","0xC2572742","0xC257274276a4E539741Ca11b590B9447B26A8051"
"0xc89efdaa54c0f20c7adf612882df0950f5a951637e0307cdcb4c672f298b8bc6","0xc89efdaa54c0f20c7adf612882df0950f5a951637e0307cdcb4c672f298b8bc6c89efdaa54c0f20c7adf612882df0950f5a951637e0307cdcb4c672f298b8bc61c8","0xC257274276a4E539741Ca11b590B9447B26A8051","0xC257274276a4E539741Ca11b590B9447B26A8051","0xC2572742","0xC257274276a4E539741Ca11b590B9447B26A8051"
"0xc89efdaa54c0f20c7adf612882df0950f5a951637e0307cdcb4c672f298b8bc6","0x1c89efdaa54c0f20c7adf612882df0950f5a951637e0307cdcb4c672f298b8bc6c89efdaa54c0f20c7adf612882df0950f5a951637e0307cdcb4c672f298b8bc6c8","0xC257274276a4E539741Ca11b590B9447B26A8051","0xC257274276a4E539741Ca11b590B9447B26A8051","0xC2572742","0xC257274276a4E539741Ca11b590B9447B26A8051"
"0xc89efdaa54c0f20c7adf612882df0950f5a951637e0307cdcb4c672f298b8bc6","0xc89efdaa54c0f20c7adf612882df0950f5a951637e0307cdcb4c672f298b8bc61c89efdaa54c0f20c7adf612882df0950f5a951637e0307cdcb4c672f298b8bc6c8","0xC257274276a4E539741Ca11b590B9447B26A8051","0xC257274276a4E539741Ca11b590B9447B26A8051","0xC2572742","0xC257274276a4E539741Ca11b590B9447B26A8051"
"0xg89efdaa54c0f20c7adf612882df0950f5a951637e0307cdcb4c672f298b8bc6","0xc89efdaa54c0f20c7adf612882df0950f5a951637e0307cdcb4c672f298b8bc6c89efdaa54c0f20c7adf612882df0950f5a951637e0307cdcb4c672f298b8bc6c8","0xC257274276a4E539741Ca11b590B9447B26A8051","0xC257274276a4E539741Ca11b590B9447B26A8051","0xC2572742","0xC257274276a4E539741Ca11b590B9447B26A8051"
"0xc89efdaa54c0f20c7adf612882df0950f5a951637e0307cdcb4c672f298b8bc6","0xc89efdaa54c0f20c7adf612882df0950f5a951637e0307cdcb4c672f298b8bc6c89efdaa54c0f20c7adf612882df0950f5a951637e0307cdcb4c672f298b8bc6g8","0xC257274276a4E539741Ca11b590B9447B26A8051","0xC257274276a4E539741Ca11b590B9447B26A8051","0xC2572742","0xC257274276a4E539741Ca11b590B9447B26A8051"
"0xc89efdaa54c0f20c7adf612882df0950f5a951637e0307cdcb4c672f298b8bc6","0xcg9efdaa54c0f20c7adf612882df0950f5a951637e0307cdcb4c672f298b8bc6c89efdaa54c0f20c7adf612882df0950f5a951637e0307cdcb4c672f298b8bc6c8","0xC257274276a4E539741Ca11b590B9447B26A8051","0xC257274276a4E539741Ca11b590B9447B26A8051","0xC2572742","0xC257274276a4E539741Ca11b590B9447B26A8051"
"0xc89efdaa54c0f20c7adf612882df0950f5a951637e0307cdcb4c672f298b8bc6","0xc89efdaa54c0f20c7adf612882df0950f5a951637e0307cdcb4c672f298b8bc6c89gfdaa54c0f20c7adf612882df0950f5a951637e0307cdcb4c672f298b8bc6c8","0xC257274276a4E539741Ca11b590B9447B26A8051","0xC257274276a4E539741Ca11b590B9447B26A8051","0xC2572742","0xC257274276a4E539741Ca11b590B9447B26A8051"
"0xc89efdaa54c0f20c7adf612882df0950f5a951637e0307cdcb4c672f298b8bc6","0xc89efdaa54c0f20c7adf612882df0950f5a951637e0307cdcb4c672f298b8bc6c89efdaa54c0f20c7adf612882df0950f5a951637e0307cdcb4c672f298b8bc6c8","0x257274276a4E539741Ca11b590B9447B26A8051","0x257274276a4E539741Ca11b590B9447B26A8051","0x2572742","0xC57274276a4E539741Ca11b590B9447B26A8051"
"0xc89efdaa54c0f20c7adf612882df0950f5a951637e0307cdcb4c672f298b8bc6","0xc89efdaa54c0f20c7adf612882df0950f5a951637e0307cdcb4c672f298b8bc6c89efdaa54c0f20c7adf612882df0950f5a951637e0307cdcb4c672f298b8bc6c8","0x1C257274276a4E539741Ca11b590B9447B26A8051","0x1C257274276a4E539741Ca11b590B9447B26A8051","0x1C2572742","0x1C257274276a4E539741Ca11b590B9447B26A8051"
"0xc89efdaa54c0f20c7adf612882df0950f5a951637e0307cdcb4c672f298b8bc6","0xc89efdaa54c0f20c7adf612882df0950f5a951637e0307cdcb4c672f298b8bc6c89efdaa54c0f20c7adf612882df0950f5a951637e0307cdcb4c672f298b8bc6c8","0xCg57274276a4E539741Ca11b590B9447B26A8051","0xCg57274276a4E539741Ca11b590B9447B26A8051","0xCg572742","0xCg57274276a4E539741Ca11b590B9447B26A8051"
