date_time,open,high,low,close,volume
09/01/2013 18:53:51.423,1640.25,1642.0,1639.0,1640.25,23119
09/01/2013 21:29:57.152,1640.25,1643.5,1639.75,1641.5,18940
09/02/2013 01:28:59.673,1641.5,1644.0,1640.25,1643.5,15011
09/02/2013 02:22:33.934,1643.5,1644.5,1642.25,1644.25,15417
09/02/2013 03:07:48.372,1644.25,1646.0,1643.75,1645.5,15328
09/02/2013 04:07:27.960,1645.5,1647.25,1644.25,1646.25,15443
09/02/2013 05:59:05.700,1646.25,1647.0,1645.25,1646.75,17195
09/02/2013 07:16:21.793,1646.75,1648.5,1646.0,1647.75,21703
09/02/2013 09:02:02.995,1647.75,1648.25,1645.25,1646.0,22524
09/02/2013 10:22:13.718,1646.0,1648.25,1645.5,1646.75,20720
09/02/2013 19:49:31.472,1646.75,1648.5,1645.25,1646.25,16055
09/02/2013 23:48:49.427,1646.25,1648.25,1646.0,1647.0,18064
09/03/2013 02:08:43.432,1647.0,1649.0,1646.25,1647.25,16587
09/03/2013 02:35:46.152,1647.25,1648.5,1646.25,1647.75,15054
09/03/2013 03:30:59.852,1647.75,1648.5,1646.5,1647.0,14354
09/03/2013 03:54:27.751,1647.0,1647.75,1643.5,1643.5,16767
09/03/2013 03:59:09.058,1643.5,1644.5,1642.5,1642.75,19323
09/03/2013 04:05:11.312,1642.75,1646.75,1642.25,1645.5,17864
09/03/2013 04:18:47.951,1645.5,1645.75,1642.25,1644.25,15896
09/03/2013 04:57:55.663,1644.25,1645.5,1642.75,1643.5,14863
09/03/2013 05:56:53.192,1643.5,1647.0,1643.0,1646.0,15754
09/03/2013 06:33:33.791,1646.0,1647.0,1642.5,1643.25,15509
09/03/2013 07:10:28.025,1643.25,1645.5,1643.25,1644.0,15152
09/03/2013 07:43:52.499,1644.0,1646.25,1643.5,1645.75,17989
09/03/2013 08:14:45.901,1645.75,1647.0,1645.5,1646.0,17512
09/03/2013 08:30:00.164,1646.0,1647.0,1645.5,1646.25,17038
09/03/2013 08:31:18.399,1646.25,1648.5,1646.0,1648.5,26147
09/03/2013 08:32:34.702,1648.5,1649.25,1647.5,1648.25,28908
09/03/2013 08:34:29.541,1648.25,1649.5,1648.0,1648.0,26377
09/03/2013 08:36:44.522,1648.0,1650.0,1647.75,1648.75,26308
09/03/2013 08:39:37.840,1648.75,1649.5,1648.25,1648.5,22681
09/03/2013 08:42:31.524,1648.5,1649.75,1647.75,1647.75,21692
09/03/2013 08:45:43.471,1647.75,1648.5,1647.25,1647.5,20574
09/03/2013 08:49:34.282,1647.5,1648.0,1646.75,1647.25,20406
09/03/2013 08:54:02.193,1647.25,1648.0,1646.75,1647.0,18413
09/03/2013 08:59:18.493,1647.0,1648.0,1645.75,1646.25,19711
09/03/2013 09:01:42.672,1646.25,1647.75,1645.25,1645.25,21348
09/03/2013 09:03:55.145,1645.25,1647.0,1644.25,1646.75,19450
09/03/2013 09:06:36.966,1646.75,1647.5,1645.5,1647.25,17827
09/03/2013 09:10:10.886,1647.25,1647.25,1645.5,1646.75,16877
09/03/2013 09:12:53.212,1646.75,1648.5,1646.75,1648.25,19641
09/03/2013 09:16:26.095,1648.25,1648.75,1646.0,1646.25,20360
09/03/2013 09:20:25.033,1646.25,1646.25,1644.75,1645.0,19783
09/03/2013 09:24:01.653,1645.0,1645.25,1643.75,1644.0,19087
09/03/2013 09:28:22.682,1644.0,1645.75,1644.0,1644.75,21294
09/03/2013 09:33:01.675,1644.75,1646.5,1644.5,1646.25,20760
09/03/2013 09:39:36.873,1646.25,1646.75,1645.5,1646.5,20902
09/03/2013 09:46:32.691,1646.5,1647.75,1646.0,1647.5,20200
09/03/2013 09:52:27.345,1647.5,1647.5,1645.25,1645.5,20871
09/03/2013 09:58:22.849,1645.5,1646.0,1644.75,1645.25,20065
09/03/2013 10:04:30.263,1645.25,1646.25,1644.5,1645.5,22540
09/03/2013 10:15:02.945,1645.5,1646.75,1644.75,1646.5,20487
09/03/2013 10:19:23.249,1646.5,1646.75,1643.5,1643.75,23898
09/03/2013 10:21:43.126,1643.75,1644.0,1642.5,1642.75,21596
09/03/2013 10:23:39.959,1642.75,1643.25,1640.5,1640.5,23463
09/03/2013 10:25:55.585,1640.5,1641.0,1640.0,1640.75,24362
09/03/2013 10:27:38.666,1640.75,1641.5,1638.5,1639.0,23892
09/03/2013 10:30:00.810,1639.0,1639.5,1637.75,1638.25,25047
09/03/2013 10:32:20.889,1638.25,1639.5,1637.25,1639.25,24111
09/03/2013 10:35:14.821,1639.25,1639.5,1638.25,1639.0,19645
09/03/2013 10:39:02.047,1639.0,1639.25,1637.5,1638.25,21757
09/03/2013 10:45:04.013,1638.25,1640.0,1638.25,1638.5,21472
09/03/2013 10:48:02.350,1638.5,1638.5,1636.25,1637.0,22571
09/03/2013 10:52:36.262,1637.0,1638.75,1636.75,1638.75,22459
09/03/2013 10:59:57.132,1638.75,1639.25,1637.25,1638.25,19730
09/03/2013 11:05:57.999,1638.25,1638.75,1637.25,1637.75,23522
09/03/2013 11:12:34.262,1637.75,1639.5,1637.75,1639.0,20877
09/03/2013 11:20:15.394,1639.0,1639.25,1636.25,1636.5,21150
09/03/2013 11:27:30.544,1636.5,1638.25,1636.25,1637.5,22578
09/03/2013 11:36:35.060,1637.5,1638.25,1636.75,1637.0,24136
09/03/2013 11:43:33.082,1637.0,1637.75,1635.5,1636.5,23310
09/03/2013 11:47:42.735,1636.5,1636.5,1634.25,1634.75,25076
09/03/2013 11:53:53.609,1634.75,1635.25,1633.75,1635.0,23738
09/03/2013 12:00:44.432,1635.0,1635.25,1632.75,1633.0,21990
09/03/2013 12:06:16.545,1633.0,1633.5,1632.0,1632.75,24286
09/03/2013 12:11:59.887,1632.75,1635.25,1632.5,1635.0,21939
09/03/2013 12:19:43.592,1635.0,1635.5,1633.0,1633.25,21895
09/03/2013 12:24:30.472,1633.25,1634.25,1632.25,1634.25,20499
09/03/2013 12:34:15.739,1634.25,1635.0,1633.25,1634.5,17671
09/03/2013 12:46:02.145,1634.5,1635.5,1633.5,1633.5,19256
09/03/2013 12:50:46.889,1633.5,1633.75,1631.5,1632.5,22500
09/03/2013 12:58:30.299,1632.5,1633.75,1632.5,1632.5,19930
09/03/2013 13:04:06.261,1632.5,1634.25,1631.5,1633.75,18405
09/03/2013 13:11:57.176,1633.75,1635.5,1633.0,1635.0,19576
09/03/2013 13:21:17.494,1635.0,1635.5,1634.0,1634.25,19803
09/03/2013 13:25:49.027,1634.25,1634.25,1631.75,1633.0,18899
09/03/2013 13:30:02.877,1633.0,1634.0,1631.25,1633.5,21141
09/03/2013 13:34:45.554,1633.5,1634.75,1633.25,1634.25,18865
09/03/2013 13:41:25.049,1634.25,1634.25,1632.5,1632.5,20571
09/03/2013 13:47:17.619,1632.5,1633.75,1631.5,1632.25,17370
09/03/2013 13:52:11.252,1632.25,1633.75,1630.75,1631.75,20876
09/03/2013 13:56:18.952,1631.75,1634.75,1631.75,1634.0,21503
09/03/2013 14:03:22.748,1634.0,1635.25,1633.75,1634.75,22691
09/03/2013 14:06:11.623,1634.75,1637.25,1634.5,1637.0,24210
09/03/2013 14:08:32.610,1637.0,1638.5,1636.5,1638.25,24579
09/03/2013 14:13:36.066,1638.25,1638.5,1637.25,1638.25,23173
09/03/2013 14:18:40.995,1638.25,1639.0,1637.5,1637.75,22403
09/03/2013 14:26:17.690,1637.75,1638.0,1636.5,1636.75,24517
09/03/2013 14:34:59.977,1636.75,1638.25,1636.5,1637.75,22756
09/03/2013 14:40:42.375,1637.75,1638.5,1636.75,1637.75,21476
09/03/2013 14:44:46.287,1637.75,1639.5,1637.0,1638.75,21878
09/03/2013 14:47:59.276,1638.75,1639.0,1636.75,1636.75,24067
09/03/2013 14:50:16.306,1636.75,1637.0,1635.0,1636.0,19881
09/03/2013 14:55:52.296,1636.0,1637.25,1636.0,1636.25,21679
09/03/2013 14:59:13.209,1636.25,1636.75,1635.5,1636.5,28091
09/03/2013 15:00:07.947,1636.5,1638.0,1636.0,1637.25,41704
09/03/2013 15:04:26.977,1637.25,1638.75,1637.0,1637.75,31522
09/03/2013 15:14:45.055,1637.75,1639.5,1637.5,1639.5,37384
09/03/2013 19:14:42.955,1639.5,1640.0,1636.0,1637.5,24033
09/03/2013 23:38:51.230,1637.5,1640.25,1637.0,1640.25,14448
09/04/2013 01:52:06.000,1640.25,1642.25,1640.25,1641.0,13503
09/04/2013 02:20:20.875,1641.0,1641.75,1636.75,1636.75,13731
09/04/2013 03:03:40.063,1636.75,1638.25,1636.5,1637.5,14352
09/04/2013 03:41:12.203,1637.5,1639.25,1636.0,1636.75,13010
09/04/2013 04:41:31.213,1636.75,1639.25,1636.25,1638.5,14041
09/04/2013 05:38:57.190,1638.5,1638.5,1636.25,1638.25,17298
09/04/2013 06:42:50.882,1638.25,1640.0,1637.75,1638.75,18047
09/04/2013 07:34:12.620,1638.75,1638.75,1636.0,1636.5,17336
09/04/2013 07:50:18.743,1636.5,1637.75,1635.0,1635.75,17628
09/04/2013 08:16:21.334,1635.75,1638.5,1635.5,1638.0,16425
09/04/2013 08:30:37.718,1638.0,1638.75,1637.25,1637.75,20061
09/04/2013 08:33:34.920,1637.75,1639.5,1637.25,1638.75,22820
09/04/2013 08:36:22.622,1638.75,1639.0,1636.0,1636.0,20601
09/04/2013 08:39:20.085,1636.0,1637.25,1635.25,1637.25,22575
09/04/2013 08:41:59.203,1637.25,1639.5,1636.5,1639.25,19832
09/04/2013 08:44:45.767,1639.25,1640.5,1638.75,1640.5,19243
09/04/2013 08:47:32.372,1640.5,1641.75,1640.25,1641.0,22791
09/04/2013 08:50:51.537,1641.0,1642.75,1640.75,1642.25,20627
09/04/2013 08:53:45.752,1642.25,1643.5,1642.25,1643.0,20274
09/04/2013 08:58:54.581,1643.0,1643.75,1642.5,1642.5,21497
09/04/2013 09:03:19.923,1642.5,1644.5,1642.25,1644.5,20446
09/04/2013 09:07:15.910,1644.5,1645.25,1643.75,1645.25,22084
09/04/2013 09:11:29.418,1645.25,1645.75,1644.5,1645.75,25679
09/04/2013 09:15:27.125,1645.75,1646.5,1645.5,1646.0,24687
09/04/2013 09:20:28.664,1646.0,1646.75,1645.5,1646.25,24928
09/04/2013 09:27:55.915,1646.25,1647.0,1645.5,1646.75,20493
09/04/2013 09:34:13.985,1646.75,1647.25,1645.75,1646.25,22196
09/04/2013 09:40:08.502,1646.25,1647.75,1645.75,1647.25,23745
09/04/2013 09:47:12.543,1647.25,1647.5,1646.25,1647.0,25020
09/04/2013 09:54:04.779,1647.0,1648.0,1646.5,1647.5,25361
09/04/2013 10:00:54.076,1647.5,1647.75,1646.75,1647.5,25187
09/04/2013 10:03:55.956,1647.5,1649.25,1647.25,1649.0,25841
09/04/2013 10:09:27.481,1649.0,1649.5,1648.5,1649.25,23648
09/04/2013 10:16:58.054,1649.25,1649.75,1648.5,1648.75,25172
09/04/2013 10:26:55.928,1648.75,1649.0,1648.0,1648.5,26041
09/04/2013 10:35:28.517,1648.5,1650.0,1648.5,1649.25,24766
09/04/2013 10:40:38.754,1649.25,1650.75,1648.75,1650.5,25792
09/04/2013 10:45:04.948,1650.5,1651.5,1650.25,1651.5,28231
09/04/2013 10:51:13.366,1651.5,1652.25,1651.0,1652.25,28302
09/04/2013 10:55:23.378,1652.25,1653.5,1652.0,1653.0,28572
09/04/2013 11:03:11.615,1653.0,1653.25,1652.5,1652.75,26939
09/04/2013 11:10:32.967,1652.75,1653.5,1652.25,1653.0,25343
09/04/2013 11:19:06.932,1653.0,1653.75,1652.0,1652.25,24263
09/04/2013 11:35:31.919,1652.25,1653.0,1652.0,1652.5,25174
09/04/2013 11:50:41.881,1652.5,1653.5,1652.25,1652.75,23850
09/04/2013 12:06:13.082,1652.75,1653.0,1652.0,1652.75,27767
09/04/2013 12:19:10.417,1652.75,1654.25,1652.25,1654.0,26312
09/04/2013 12:28:19.732,1654.0,1654.75,1653.75,1653.75,25553
09/04/2013 12:36:46.602,1653.75,1654.25,1653.25,1653.75,24423
09/04/2013 12:51:05.557,1653.75,1654.0,1652.25,1652.5,22498
09/04/2013 13:00:59.684,1652.5,1652.75,1651.25,1652.25,20981
09/04/2013 13:08:51.465,1652.25,1653.25,1651.0,1651.25,21349
09/04/2013 13:21:05.420,1651.25,1652.25,1651.0,1651.75,20771
09/04/2013 13:33:16.255,1651.75,1652.25,1650.75,1651.5,23250
09/04/2013 13:47:23.299,1651.5,1652.5,1651.25,1651.75,21877
09/04/2013 14:01:17.835,1651.75,1653.5,1651.5,1653.25,19832
09/04/2013 14:13:53.821,1653.25,1653.5,1652.0,1653.25,16260
09/04/2013 14:22:26.410,1653.25,1654.25,1652.75,1653.75,17462
09/04/2013 14:24:42.326,1653.75,1653.75,1650.0,1650.25,22474
09/04/2013 14:26:46.019,1650.25,1652.75,1650.25,1652.0,21438
09/04/2013 14:31:38.758,1652.0,1652.5,1651.0,1651.0,22588
09/04/2013 14:36:36.161,1651.0,1651.25,1650.0,1650.25,19833
09/04/2013 14:41:47.773,1650.25,1651.0,1649.5,1650.5,20903
09/04/2013 14:46:54.815,1650.5,1652.25,1649.75,1652.0,20233
09/04/2013 14:52:34.200,1652.0,1652.75,1651.25,1651.25,21098
09/04/2013 14:57:02.041,1651.25,1651.5,1649.75,1649.75,23967
09/04/2013 14:59:56.964,1649.75,1652.0,1649.5,1651.75,32759
09/04/2013 15:01:33.225,1651.75,1652.5,1651.25,1652.25,47299
09/04/2013 15:13:23.703,1652.25,1654.0,1652.0,1653.5,29338
09/04/2013 19:33:24.419,1653.5,1655.25,1652.75,1653.5,30614
09/05/2013 00:55:47.879,1653.5,1655.75,1653.0,1654.25,15792
09/05/2013 02:31:12.012,1654.25,1655.0,1652.0,1654.5,16546
09/05/2013 03:09:37.285,1654.5,1656.5,1654.25,1655.0,17747
09/05/2013 03:48:23.715,1655.0,1655.0,1652.0,1652.0,16963
09/05/2013 04:22:02.702,1652.0,1653.5,1651.0,1652.0,18625
09/05/2013 05:25:04.129,1652.0,1653.25,1650.5,1653.25,19277
09/05/2013 06:18:45.400,1653.25,1654.5,1652.0,1652.75,18052
09/05/2013 07:16:09.001,1652.75,1654.5,1652.25,1654.0,17742
09/05/2013 07:43:11.772,1654.0,1656.0,1652.5,1655.5,18219
09/05/2013 07:59:50.034,1655.5,1655.75,1653.25,1654.0,17585
09/05/2013 08:17:48.075,1654.0,1654.5,1652.25,1653.75,17289
09/05/2013 08:30:00.423,1653.75,1654.25,1652.0,1652.5,17879
09/05/2013 08:31:56.995,1652.5,1653.0,1651.25,1652.25,23564
09/05/2013 08:35:00.422,1652.25,1654.75,1651.75,1654.5,21631
09/05/2013 08:37:46.247,1654.5,1655.75,1654.25,1655.25,21808
09/05/2013 08:41:55.091,1655.25,1656.25,1654.75,1655.0,21923
09/05/2013 08:45:23.185,1655.0,1657.5,1654.75,1657.25,19692
09/05/2013 08:48:05.320,1657.25,1658.0,1657.0,1657.75,22514
09/05/2013 08:52:32.057,1657.75,1658.25,1656.5,1656.75,20235
09/05/2013 08:57:43.196,1656.75,1657.75,1656.5,1657.0,19557
09/05/2013 09:02:33.426,1657.0,1658.0,1656.75,1657.25,17828
09/05/2013 09:05:22.095,1657.25,1657.25,1655.25,1656.25,18426
09/05/2013 09:11:35.454,1656.25,1657.25,1655.5,1656.5,18840
09/05/2013 09:17:38.912,1656.5,1657.75,1656.0,1657.75,19328
09/05/2013 09:25:24.680,1657.75,1657.75,1655.75,1656.75,17243
09/05/2013 09:32:16.949,1656.75,1657.25,1655.5,1655.5,19521
09/05/2013 09:34:15.731,1655.5,1656.0,1653.0,1653.0,20351
09/05/2013 09:38:10.193,1653.0,1654.5,1652.75,1654.0,20789
09/05/2013 09:43:40.718,1654.0,1655.0,1653.5,1654.75,23836
09/05/2013 09:49:53.451,1654.75,1655.0,1652.75,1653.75,21376
09/05/2013 09:56:50.915,1653.75,1655.75,1653.5,1655.0,24550
09/05/2013 10:00:45.889,1655.0,1655.0,1652.5,1653.5,20485
09/05/2013 10:05:27.850,1653.5,1654.5,1653.0,1653.75,19993
09/05/2013 10:11:23.693,1653.75,1655.0,1652.75,1654.5,19467
09/05/2013 10:19:48.214,1654.5,1654.75,1654.0,1654.5,24571
09/05/2013 10:27:12.076,1654.5,1654.75,1653.0,1654.5,20752
09/05/2013 10:35:06.729,1654.5,1655.5,1653.75,1655.5,23171
09/05/2013 10:45:09.743,1655.5,1656.25,1654.75,1655.25,22896
09/05/2013 10:58:30.515,1655.25,1656.0,1654.75,1655.25,22700
09/05/2013 11:10:57.028,1655.25,1656.0,1654.5,1654.5,22576
09/05/2013 11:22:23.888,1654.5,1655.25,1653.75,1654.75,22630
09/05/2013 11:39:22.389,1654.75,1655.0,1653.75,1654.25,23753
09/05/2013 12:02:44.424,1654.25,1655.0,1654.0,1654.5,23174
09/05/2013 12:18:05.335,1654.5,1655.0,1653.25,1654.0,25695
09/05/2013 12:36:40.412,1654.0,1655.25,1653.75,1654.5,21837
09/05/2013 12:52:59.463,1654.5,1656.25,1654.5,1655.25,19617
09/05/2013 13:01:04.959,1655.25,1655.25,1653.5,1654.0,21677
09/05/2013 13:19:35.674,1654.0,1655.5,1654.0,1655.0,21373
09/05/2013 13:39:26.867,1655.0,1655.75,1654.25,1655.25,21750
09/05/2013 13:54:41.344,1655.25,1656.5,1654.5,1656.5,22899
09/05/2013 14:07:41.468,1656.5,1656.75,1655.25,1655.25,22175
09/05/2013 14:23:21.235,1655.25,1655.5,1654.0,1654.5,20545
09/05/2013 14:35:00.058,1654.5,1655.0,1653.25,1653.5,20024
09/05/2013 14:45:13.559,1653.5,1654.75,1653.25,1653.25,16728
09/05/2013 14:54:40.998,1653.25,1654.0,1653.0,1653.25,20745
09/05/2013 14:59:58.028,1653.25,1653.75,1652.75,1653.5,32093
09/05/2013 15:06:44.270,1653.5,1653.5,1652.5,1653.25,47204
09/05/2013 19:04:01.042,1653.25,1654.0,1651.75,1653.25,27152
09/05/2013 20:43:38.464,1653.25,1653.25,1648.5,1649.25,16478
09/06/2013 00:33:31.504,1649.25,1652.75,1649.0,1651.5,14408
09/06/2013 02:07:00.311,1651.5,1655.5,1650.75,1655.25,13412
09/06/2013 02:41:33.651,1655.25,1655.75,1653.0,1653.75,14127
09/06/2013 03:27:29.402,1653.75,1654.0,1652.0,1653.0,14217
09/06/2013 04:24:18.535,1653.0,1654.25,1652.5,1653.25,14820
09/06/2013 05:51:10.565,1653.25,1653.5,1652.0,1653.0,15784
09/06/2013 06:38:09.517,1653.0,1656.0,1652.75,1655.5,17483
09/06/2013 07:03:42.857,1655.5,1657.25,1655.0,1657.25,16342
09/06/2013 07:18:44.281,1657.25,1659.25,1656.75,1658.5,20442
09/06/2013 07:30:21.961,1658.5,1659.75,1656.5,1657.0,20291
09/06/2013 07:31:30.238,1657.0,1660.75,1656.25,1660.25,17764
09/06/2013 07:32:59.923,1660.25,1663.0,1660.0,1663.0,21543
09/06/2013 07:34:46.067,1663.0,1663.5,1660.25,1660.25,22300
09/06/2013 07:37:30.685,1660.25,1662.25,1659.5,1660.0,16866
09/06/2013 07:43:01.081,1660.0,1660.75,1658.25,1660.0,18942
09/06/2013 07:50:51.050,1660.0,1661.5,1658.75,1660.75,17274
09/06/2013 07:57:45.035,1660.75,1662.75,1660.5,1661.75,20450
09/06/2013 08:10:27.137,1661.75,1662.75,1660.0,1660.25,20195
09/06/2013 08:21:30.596,1660.25,1660.5,1659.0,1660.5,17739
09/06/2013 08:30:52.528,1660.5,1660.75,1658.5,1659.0,21170
09/06/2013 08:33:06.138,1659.0,1660.5,1657.75,1658.25,21692
09/06/2013 08:35:58.212,1658.25,1661.0,1658.0,1660.75,20356
09/06/2013 08:38:16.174,1660.75,1661.0,1658.0,1658.25,21022
09/06/2013 08:39:53.808,1658.25,1658.75,1656.25,1656.75,22972
09/06/2013 08:40:57.056,1656.75,1657.0,1654.75,1654.75,24231
09/06/2013 08:42:14.915,1654.75,1655.0,1653.5,1653.5,21750
09/06/2013 08:43:02.852,1653.5,1653.75,1652.5,1653.5,24895
09/06/2013 08:44:11.095,1653.5,1653.5,1650.5,1650.75,22878
09/06/2013 08:44:35.419,1650.75,1651.0,1648.25,1648.5,22266
09/06/2013 08:45:28.495,1648.5,1650.0,1648.0,1648.25,21515
09/06/2013 08:46:02.072,1648.25,1648.25,1646.5,1647.0,20981
09/06/2013 08:46:52.945,1647.0,1647.5,1645.25,1645.25,20142
09/06/2013 08:47:28.336,1645.25,1645.5,1642.5,1642.75,21161
09/06/2013 08:48:01.216,1642.75,1644.5,1642.25,1644.25,23192
09/06/2013 08:48:56.930,1644.25,1645.0,1643.75,1645.0,23143
09/06/2013 08:49:56.519,1645.0,1647.0,1644.75,1647.0,24683
09/06/2013 08:50:47.846,1647.0,1647.75,1646.25,1646.75,23037
09/06/2013 08:52:30.355,1646.75,1647.75,1645.25,1645.75,24035
09/06/2013 08:54:17.596,1645.75,1648.25,1645.75,1646.75,22939
09/06/2013 08:56:15.814,1646.75,1647.25,1645.5,1645.75,20335
09/06/2013 08:57:57.646,1645.75,1647.0,1644.5,1646.75,21694
09/06/2013 09:00:01.008,1646.75,1647.0,1644.5,1645.25,19975
09/06/2013 09:01:38.755,1645.25,1645.25,1643.25,1643.75,19126
09/06/2013 09:03:07.778,1643.75,1645.25,1642.25,1642.25,20257
09/06/2013 09:03:43.056,1642.25,1642.75,1640.5,1640.75,20882
09/06/2013 09:04:20.622,1640.75,1641.0,1638.75,1639.0,22606
09/06/2013 09:05:30.895,1639.0,1641.0,1638.75,1641.0,23398
09/06/2013 09:06:34.278,1641.0,1643.5,1640.75,1643.5,19606
09/06/2013 09:08:08.497,1643.5,1644.75,1642.75,1644.25,20178
09/06/2013 09:10:00.034,1644.25,1645.0,1643.0,1644.5,17796
09/06/2013 09:11:45.372,1644.5,1645.75,1643.5,1645.5,19050
09/06/2013 09:12:48.769,1645.5,1646.75,1645.0,1645.0,19240
09/06/2013 09:15:04.939,1645.0,1646.0,1644.25,1646.0,19820
09/06/2013 09:16:04.491,1646.0,1648.25,1645.75,1646.75,22014
09/06/2013 09:18:02.653,1646.75,1648.0,1646.5,1647.5,17639
09/06/2013 09:20:20.212,1647.5,1648.75,1647.0,1647.25,18262
09/06/2013 09:23:28.415,1647.25,1648.75,1646.75,1648.0,18479
09/06/2013 09:26:15.848,1648.0,1648.25,1646.25,1647.75,17109
09/06/2013 09:28:06.690,1647.75,1649.5,1647.5,1649.25,18197
09/06/2013 09:30:24.867,1649.25,1650.25,1648.5,1650.0,20541
09/06/2013 09:33:57.723,1650.0,1650.25,1648.5,1649.0,20454
09/06/2013 09:37:52.888,1649.0,1650.5,1648.75,1649.0,18482
09/06/2013 09:41:39.004,1649.0,1651.5,1648.75,1651.0,18991
09/06/2013 09:44:05.966,1651.0,1652.75,1650.5,1652.5,23921
09/06/2013 09:45:31.318,1652.5,1654.25,1652.5,1653.5,24179
09/06/2013 09:47:20.433,1653.5,1655.25,1653.5,1654.5,25639
09/06/2013 09:50:30.770,1654.5,1655.5,1654.0,1654.75,21991
09/06/2013 09:56:04.164,1654.75,1654.75,1653.5,1654.5,24646
09/06/2013 09:58:01.027,1654.5,1657.25,1654.5,1656.25,23567
09/06/2013 10:00:54.012,1656.25,1658.25,1656.25,1657.75,25564
09/06/2013 10:04:38.610,1657.75,1659.0,1657.5,1658.5,23702
09/06/2013 10:06:19.612,1658.5,1660.25,1658.25,1658.5,28139
09/06/2013 10:11:54.300,1658.5,1659.0,1658.0,1658.75,25584
09/06/2013 10:16:28.928,1658.75,1659.75,1658.25,1658.5,24904
09/06/2013 10:20:11.598,1658.5,1658.75,1657.25,1657.75,27988
09/06/2013 10:27:19.234,1657.75,1659.0,1657.5,1658.25,25705
09/06/2013 10:33:24.539,1658.25,1659.75,1658.0,1659.0,25787
09/06/2013 10:37:29.963,1659.0,1660.5,1658.75,1660.25,25106
09/06/2013 10:42:35.080,1660.25,1660.5,1659.0,1659.5,27093
09/06/2013 10:51:23.498,1659.5,1659.75,1658.25,1658.25,22819
09/06/2013 11:01:30.882,1658.25,1660.0,1658.0,1659.5,23179
09/06/2013 11:12:36.566,1659.5,1660.25,1658.5,1659.0,26074
09/06/2013 11:24:50.545,1659.0,1660.5,1659.0,1659.5,26430
09/06/2013 11:39:15.218,1659.5,1659.75,1657.5,1657.75,24597
09/06/2013 11:44:46.704,1657.75,1658.0,1656.0,1657.25,23376
09/06/2013 11:58:47.865,1657.25,1658.0,1656.5,1657.75,22562
09/06/2013 12:07:24.560,1657.75,1659.75,1657.5,1659.0,23544
09/06/2013 12:20:34.010,1659.0,1660.75,1658.75,1660.0,22157
09/06/2013 12:34:01.306,1660.0,1660.25,1659.0,1660.0,21683
09/06/2013 12:47:21.485,1660.0,1660.75,1659.25,1660.0,21484
09/06/2013 12:50:19.629,1660.0,1662.25,1660.0,1662.25,24107
09/06/2013 12:55:31.945,1662.25,1663.25,1662.0,1662.5,22867
09/06/2013 13:04:13.932,1662.5,1663.25,1661.75,1662.75,22724
09/06/2013 13:12:26.274,1662.75,1664.0,1662.0,1662.5,25696
09/06/2013 13:22:24.589,1662.5,1662.75,1661.25,1661.75,21067
09/06/2013 13:37:30.961,1661.75,1662.75,1661.5,1662.75,20945
09/06/2013 13:46:48.957,1662.75,1663.25,1660.75,1661.5,22737
09/06/2013 13:56:35.828,1661.5,1662.5,1660.5,1660.5,18772
09/06/2013 14:04:45.171,1660.5,1661.25,1660.0,1661.0,21005
09/06/2013 14:08:09.157,1661.0,1661.5,1658.0,1658.5,21258
09/06/2013 14:10:14.988,1658.5,1659.0,1657.25,1658.75,19749
09/06/2013 14:12:54.810,1658.75,1658.75,1656.25,1657.5,19478
09/06/2013 14:15:50.041,1657.5,1658.75,1656.5,1658.25,20801
09/06/2013 14:20:56.260,1658.25,1659.5,1657.25,1659.0,21610
09/06/2013 14:28:23.023,1659.0,1659.25,1657.75,1658.75,22605
09/06/2013 14:35:48.171,1658.75,1658.75,1656.25,1656.5,17728
09/06/2013 14:39:49.820,1656.5,1657.5,1655.5,1657.25,18062
09/06/2013 14:45:16.380,1657.25,1658.5,1656.25,1656.5,18084
09/06/2013 14:49:34.595,1656.5,1657.5,1654.75,1655.25,21601
09/06/2013 14:54:46.964,1655.25,1655.75,1654.25,1655.75,22682
09/06/2013 14:57:18.093,1655.75,1656.25,1653.25,1653.5,33039
09/06/2013 14:59:57.402,1653.5,1654.25,1652.75,1653.75,41792
09/06/2013 15:02:46.923,1653.75,1654.5,1653.0,1653.0,47138
09/06/2013 15:14:48.039,1653.0,1654.25,1652.5,1654.0,32792
09/08/2013 18:48:03.771,1654.0,1658.0,1652.0,1656.25,22462
09/08/2013 22:08:29.608,1656.25,1657.75,1654.75,1657.75,12930
09/09/2013 01:50:10.137,1657.75,1659.25,1657.25,1658.25,13198
09/09/2013 02:40:49.558,1658.25,1659.0,1656.75,1657.25,15202
09/09/2013 03:30:40.658,1657.25,1659.75,1656.5,1659.0,15127
09/09/2013 04:24:26.653,1659.0,1659.5,1657.25,1658.0,14790
09/09/2013 05:35:51.615,1658.0,1658.75,1656.5,1658.5,15157
09/09/2013 06:22:08.850,1658.5,1659.0,1656.0,1657.5,14893
09/09/2013 07:26:58.359,1657.5,1658.5,1656.75,1657.0,17118
09/09/2013 08:09:02.010,1657.0,1658.75,1656.5,1658.25,16245
09/09/2013 08:30:39.146,1658.25,1660.25,1657.75,1660.25,20182
09/09/2013 08:32:29.676,1660.25,1661.75,1659.75,1660.25,24253
09/09/2013 08:36:35.473,1660.25,1662.0,1660.0,1662.0,19959
09/09/2013 08:40:08.078,1662.0,1662.25,1660.5,1660.75,20222
09/09/2013 08:44:53.589,1660.75,1661.75,1660.0,1661.25,18426
09/09/2013 08:48:20.694,1661.25,1662.5,1661.0,1661.75,22335
09/09/2013 08:52:09.316,1661.75,1663.75,1661.5,1663.75,21910
09/09/2013 08:55:33.493,1663.75,1664.25,1663.0,1664.0,21800
09/09/2013 09:00:00.441,1664.0,1664.75,1663.5,1664.25,21769
09/09/2013 09:03:39.089,1664.25,1665.25,1664.0,1664.0,21893
09/09/2013 09:07:00.180,1664.0,1664.0,1662.5,1662.75,21696
09/09/2013 09:10:36.199,1662.75,1663.25,1661.25,1661.75,22276
09/09/2013 09:16:33.372,1661.75,1662.5,1661.0,1662.5,17690
09/09/2013 09:21:20.075,1662.5,1663.25,1661.5,1662.25,20084
09/09/2013 09:28:40.098,1662.25,1662.75,1661.0,1661.0,19326
09/09/2013 09:34:47.706,1661.0,1662.0,1660.25,1662.0,19731
09/09/2013 09:43:23.427,1662.0,1662.75,1661.25,1662.5,21674
09/09/2013 09:52:52.297,1662.5,1663.0,1661.5,1661.75,23133
09/09/2013 10:01:41.047,1661.75,1662.5,1660.75,1662.25,21847
09/09/2013 10:08:54.571,1662.25,1663.0,1661.25,1662.5,23801
09/09/2013 10:16:44.820,1662.5,1663.25,1661.5,1661.75,23748
09/09/2013 10:25:49.367,1661.75,1662.25,1661.0,1662.0,22137
09/09/2013 10:32:57.211,1662.0,1662.5,1661.75,1662.25,26130
09/09/2013 10:38:17.543,1662.25,1663.5,1662.0,1662.75,21401
09/09/2013 10:44:12.566,1662.75,1664.25,1662.5,1664.25,20670
09/09/2013 10:52:45.791,1664.25,1664.75,1663.5,1664.5,23049
09/09/2013 11:02:25.059,1664.5,1664.75,1663.5,1664.5,25191
09/09/2013 11:12:53.971,1664.5,1665.75,1664.0,1665.75,27567
09/09/2013 11:16:10.071,1665.75,1667.0,1665.5,1666.75,24942
09/09/2013 11:30:02.143,1666.75,1666.75,1665.75,1666.5,21148
09/09/2013 11:38:27.585,1666.5,1666.75,1665.0,1665.5,24083
09/09/2013 11:55:35.661,1665.5,1666.0,1665.25,1665.5,25281
09/09/2013 12:14:53.392,1665.5,1666.75,1665.25,1665.75,22978
09/09/2013 12:31:04.875,1665.75,1666.5,1665.25,1665.75,22109
09/09/2013 12:45:16.958,1665.75,1667.0,1665.75,1666.75,20280
09/09/2013 12:56:06.934,1666.75,1667.75,1666.5,1667.25,21027
09/09/2013 13:01:36.239,1667.25,1669.25,1666.75,1668.75,24981
09/09/2013 13:11:41.435,1668.75,1669.75,1668.5,1669.25,22969
09/09/2013 13:18:22.125,1669.25,1671.0,1669.0,1670.75,25574
09/09/2013 13:22:37.136,1670.75,1671.75,1670.5,1671.25,28683
09/09/2013 13:29:41.280,1671.25,1671.25,1670.25,1670.25,28649
09/09/2013 13:40:04.154,1670.25,1671.0,1669.5,1669.75,24160
09/09/2013 13:53:38.196,1669.75,1670.5,1669.5,1670.0,22774
09/09/2013 14:07:21.821,1670.0,1670.5,1669.5,1669.5,21065
09/09/2013 14:16:42.551,1669.5,1670.75,1669.0,1670.5,23711
09/09/2013 14:23:11.439,1670.5,1671.5,1669.25,1669.75,23036
09/09/2013 14:33:29.495,1669.75,1670.75,1669.0,1670.25,21098
09/09/2013 14:41:35.291,1670.25,1670.5,1669.0,1669.0,21090
09/09/2013 14:49:50.229,1669.0,1670.25,1668.75,1670.0,18028
09/09/2013 14:55:48.021,1670.0,1670.5,1669.5,1670.0,23705
09/09/2013 14:59:59.066,1670.0,1670.75,1669.75,1670.5,38741
09/09/2013 15:03:26.395,1670.5,1671.25,1670.25,1671.25,43876
09/09/2013 15:14:00.204,1671.25,1671.25,1668.75,1668.75,41864
09/09/2013 18:38:11.051,1668.75,1672.25,1668.25,1671.5,31192
09/09/2013 22:04:27.217,1671.5,1672.25,1669.0,1669.75,15585
09/10/2013 01:16:23.908,1669.75,1673.0,1669.0,1671.0,17198
09/10/2013 02:23:06.685,1671.0,1673.5,1671.0,1673.0,15798
09/10/2013 02:46:04.561,1673.0,1677.25,1672.75,1676.75,21885
09/10/2013 03:24:58.598,1676.75,1677.5,1675.75,1677.25,17961
09/10/2013 04:28:02.471,1677.25,1677.75,1675.75,1676.75,16923
09/10/2013 05:44:13.730,1676.75,1678.0,1676.25,1678.0,17797
09/10/2013 06:17:48.711,1678.0,1678.75,1677.0,1678.5,22366
09/10/2013 06:36:41.105,1678.5,1680.5,1678.0,1680.5,21421
09/10/2013 06:56:00.996,1680.5,1681.25,1679.5,1680.0,22842
09/10/2013 07:27:43.792,1680.0,1680.75,1679.25,1679.75,20450
09/10/2013 07:50:36.815,1679.75,1680.75,1679.0,1679.75,17266
09/10/2013 08:05:55.278,1679.75,1680.0,1678.5,1679.75,16516
09/10/2013 08:28:03.271,1679.75,1680.25,1679.0,1680.0,23574
09/10/2013 08:31:35.334,1680.0,1680.75,1679.5,1679.75,21504
09/10/2013 08:34:42.738,1679.75,1680.0,1678.75,1679.5,22366
09/10/2013 08:37:02.220,1679.5,1680.0,1677.5,1677.75,18803
09/10/2013 08:39:22.717,1677.75,1678.25,1676.75,1678.0,19012
09/10/2013 08:42:04.908,1678.0,1678.5,1677.0,1677.5,20223
09/10/2013 08:45:42.438,1677.5,1678.75,1677.25,1678.0,18155
09/10/2013 08:50:09.436,1678.0,1679.5,1677.75,1679.5,17679
09/10/2013 08:53:26.055,1679.5,1680.25,1678.75,1679.75,21560
09/10/2013 08:55:43.094,1679.75,1681.25,1679.25,1680.75,20003
09/10/2013 08:59:27.196,1680.75,1681.0,1679.25,1679.25,20243
09/10/2013 09:03:24.860,1679.25,1680.5,1679.0,1680.25,17288
09/10/2013 09:06:38.814,1680.25,1681.5,1679.5,1681.25,21209
09/10/2013 09:09:11.170,1681.25,1681.75,1680.0,1680.5,19822
09/10/2013 09:13:32.747,1680.5,1681.0,1679.75,1680.5,19915
09/10/2013 09:15:57.905,1680.5,1682.0,1680.25,1680.25,18520
09/10/2013 09:19:39.021,1680.25,1680.5,1679.0,1679.5,19252
09/10/2013 09:24:56.293,1679.5,1681.25,1679.25,1680.75,22482
09/10/2013 09:31:28.939,1680.75,1682.0,1680.25,1681.5,22067
09/10/2013 09:36:28.873,1681.5,1682.25,1680.75,1681.5,21830
09/10/2013 09:43:40.835,1681.5,1682.5,1681.25,1682.0,20789
09/10/2013 09:48:07.370,1682.0,1682.75,1681.25,1681.75,24797
09/10/2013 09:54:56.171,1681.75,1682.75,1681.5,1682.5,25878
09/10/2013 10:00:52.240,1682.5,1683.0,1681.25,1682.0,23620
09/10/2013 10:05:13.250,1682.0,1682.25,1681.25,1681.5,25839
09/10/2013 10:14:07.204,1681.5,1682.0,1680.75,1680.75,23839
09/10/2013 10:22:22.607,1680.75,1682.0,1680.75,1681.25,22408
09/10/2013 10:30:01.088,1681.25,1681.75,1681.0,1681.0,30728
09/10/2013 10:34:37.140,1681.0,1681.25,1679.5,1679.75,24768
09/10/2013 10:41:59.697,1679.75,1680.5,1678.75,1679.25,23403
09/10/2013 10:45:40.541,1679.25,1679.75,1677.75,1678.0,22156
09/10/2013 10:50:35.037,1678.0,1678.25,1676.75,1677.75,23740
09/10/2013 10:57:51.329,1677.75,1679.0,1677.5,1678.5,23852
09/10/2013 11:06:46.564,1678.5,1679.5,1678.25,1679.5,24504
09/10/2013 11:17:48.365,1679.5,1680.0,1679.25,1679.25,26865
09/10/2013 11:28:25.243,1679.25,1680.0,1678.75,1679.25,25402
09/10/2013 11:45:09.696,1679.25,1680.25,1679.0,1679.75,24689
09/10/2013 11:58:15.377,1679.75,1680.5,1678.5,1680.25,19919
09/10/2013 12:07:43.651,1680.25,1681.25,1680.0,1680.25,24576
09/10/2013 12:15:46.787,1680.25,1680.5,1679.0,1679.75,23249
09/10/2013 12:21:30.162,1679.75,1681.25,1679.0,1681.25,21401
09/10/2013 12:26:51.887,1681.25,1682.0,1680.75,1681.25,26609
09/10/2013 12:33:35.510,1681.25,1682.0,1680.75,1681.25,26178
09/10/2013 12:41:56.534,1681.25,1681.5,1680.25,1681.0,25569
09/10/2013 12:55:23.111,1681.0,1681.5,1680.5,1681.0,27901
09/10/2013 13:06:23.325,1681.0,1681.75,1680.75,1681.25,26017
09/10/2013 13:12:24.058,1681.25,1682.0,1680.25,1681.25,24296
09/10/2013 13:20:20.467,1681.25,1681.75,1680.25,1680.75,19830
09/10/2013 13:32:41.965,1680.75,1681.5,1679.75,1679.75,21459
09/10/2013 13:39:12.560,1679.75,1680.25,1679.25,1680.0,20024
09/10/2013 13:51:13.798,1680.0,1681.0,1680.0,1680.25,25823
09/10/2013 14:01:21.265,1680.25,1682.0,1680.25,1681.5,26497
09/10/2013 14:08:55.530,1681.5,1682.5,1681.25,1681.25,27577
09/10/2013 14:17:24.329,1681.25,1681.75,1680.5,1681.25,24618
09/10/2013 14:28:06.827,1681.25,1682.5,1681.0,1682.0,27638
09/10/2013 14:35:00.242,1682.0,1682.75,1681.75,1682.25,23318
09/10/2013 14:43:29.369,1682.25,1682.5,1681.25,1682.0,22759
09/10/2013 14:48:56.941,1682.0,1682.5,1680.25,1682.25,22513
09/10/2013 14:54:52.434,1682.25,1682.25,1681.0,1681.25,21224
09/10/2013 14:59:21.369,1681.25,1682.75,1681.0,1682.75,27184
09/10/2013 15:00:09.711,1682.75,1683.25,1682.0,1682.25,41778
09/10/2013 15:08:29.891,1682.25,1683.0,1682.25,1682.25,51537
09/10/2013 18:41:48.992,1682.25,1683.0,1681.5,1681.5,34588
09/10/2013 20:16:28.484,1681.5,1684.0,1679.75,1682.5,19024
09/10/2013 22:57:40.462,1682.5,1683.25,1680.0,1681.0,16026
09/11/2013 02:09:00.475,1681.0,1681.75,1679.75,1680.75,13761
09/11/2013 02:54:35.891,1680.75,1682.5,1679.75,1680.5,14358
09/11/2013 03:50:37.881,1680.5,1682.75,1680.0,1682.5,14292
09/11/2013 05:02:53.714,1682.5,1683.5,1680.5,1681.25,16248
09/11/2013 06:12:53.444,1681.25,1683.0,1680.75,1682.5,15436
09/11/2013 06:55:47.577,1682.5,1682.75,1679.75,1680.25,17276
09/11/2013 07:35:07.435,1680.25,1681.75,1680.25,1680.5,15377
09/11/2013 08:13:53.446,1680.5,1681.5,1680.0,1680.75,17094
09/11/2013 08:30:01.664,1680.75,1681.25,1679.25,1681.25,18326
09/11/2013 08:31:40.196,1681.25,1682.0,1680.5,1681.5,25045
09/11/2013 08:34:22.773,1681.5,1682.0,1679.75,1680.25,21477
09/11/2013 08:36:48.106,1680.25,1682.5,1680.25,1682.5,20507
09/11/2013 08:39:19.855,1682.5,1682.75,1680.75,1681.5,20788
09/11/2013 08:42:19.980,1681.5,1682.75,1681.5,1682.25,17106
09/11/2013 08:47:16.744,1682.25,1682.75,1681.25,1681.5,18373
09/11/2013 08:52:09.502,1681.5,1682.25,1680.75,1680.75,19167
09/11/2013 08:56:25.357,1680.75,1681.25,1679.75,1680.0,18030
09/11/2013 09:00:26.638,1680.0,1680.0,1678.5,1679.0,19258
09/11/2013 09:03:01.118,1679.0,1681.0,1679.0,1680.25,19836
09/11/2013 09:06:32.208,1680.25,1681.5,1680.0,1681.0,22124
09/11/2013 09:11:18.702,1681.0,1681.25,1679.5,1679.75,25343
09/11/2013 09:15:13.176,1679.75,1681.0,1679.25,1679.5,24302
09/11/2013 09:18:53.353,1679.5,1680.25,1678.5,1678.75,23893
09/11/2013 09:21:49.424,1678.75,1679.5,1677.75,1678.25,20682
09/11/2013 09:26:54.378,1678.25,1679.0,1678.0,1678.0,19165
09/11/2013 09:33:15.527,1678.0,1679.0,1677.75,1678.75,18065
09/11/2013 09:36:59.495,1678.75,1680.0,1678.5,1679.5,23470
09/11/2013 09:45:00.627,1679.5,1680.0,1678.75,1679.25,20374
09/11/2013 09:52:17.778,1679.25,1679.75,1678.25,1679.25,21250
09/11/2013 09:59:31.498,1679.25,1680.25,1679.0,1679.75,22263
09/11/2013 10:06:15.202,1679.75,1680.75,1679.5,1680.25,25926
09/11/2013 10:12:27.879,1680.25,1682.0,1680.0,1682.0,25818
09/11/2013 10:20:01.251,1682.0,1682.25,1681.0,1681.25,24462
09/11/2013 10:28:20.678,1681.25,1682.25,1681.25,1682.0,27688
09/11/2013 10:32:28.029,1682.0,1683.5,1681.5,1683.5,27589
09/11/2013 10:34:39.508,1683.5,1684.5,1683.25,1683.75,24310
09/11/2013 10:37:59.672,1683.75,1685.75,1683.5,1685.25,26662
09/11/2013 10:46:12.751,1685.25,1685.5,1684.25,1684.5,29307
09/11/2013 10:57:32.264,1684.5,1685.0,1684.0,1684.5,30647
09/11/2013 11:05:55.582,1684.5,1684.75,1683.5,1684.25,27396
09/11/2013 11:15:01.350,1684.25,1685.25,1684.0,1685.0,31062
09/11/2013 11:21:34.016,1685.0,1685.5,1684.5,1684.5,31539
09/11/2013 11:30:01.554,1684.5,1686.25,1684.25,1686.25,31309
09/11/2013 11:40:45.378,1686.25,1686.25,1684.75,1685.5,26505
09/11/2013 11:55:58.771,1685.5,1686.0,1684.5,1686.0,29340
09/11/2013 12:08:12.533,1686.0,1686.25,1684.75,1685.0,29415
09/11/2013 12:18:22.544,1685.0,1685.5,1684.75,1685.25,28823
09/11/2013 12:31:41.920,1685.25,1686.5,1684.75,1686.25,25985
09/11/2013 12:38:28.113,1686.25,1687.5,1686.25,1686.75,27116
09/11/2013 12:49:54.565,1686.75,1687.5,1686.5,1687.25,24105
09/11/2013 13:03:03.919,1687.25,1687.25,1686.5,1686.75,26959
09/11/2013 13:15:04.654,1686.75,1687.75,1686.0,1686.5,21482
09/11/2013 13:25:57.737,1686.5,1686.5,1685.5,1686.5,27102
09/11/2013 13:41:14.731,1686.5,1686.75,1686.0,1686.25,31117
09/11/2013 13:55:50.201,1686.25,1687.0,1685.25,1685.25,26999
09/11/2013 14:06:55.871,1685.25,1686.25,1685.0,1685.75,26450
09/11/2013 14:17:35.908,1685.75,1686.0,1685.0,1685.0,27151
09/11/2013 14:28:52.518,1685.0,1685.5,1684.5,1685.25,23183
09/11/2013 14:38:57.267,1685.25,1685.5,1684.25,1685.25,27053
09/11/2013 14:48:59.038,1685.25,1686.0,1684.5,1684.75,25037
09/11/2013 14:56:29.921,1684.75,1686.5,1684.5,1686.5,24479
09/11/2013 14:59:49.776,1686.5,1687.75,1686.25,1687.5,29127
09/11/2013 15:03:16.625,1687.5,1688.5,1687.5,1688.5,44259
09/11/2013 15:45:32.211,1688.5,1689.25,1687.75,1689.25,36546
09/11/2013 19:58:18.300,1689.25,1690.5,1687.75,1688.0,22623
09/11/2013 23:49:54.072,1688.0,1690.0,1687.25,1687.75,16057
09/12/2013 02:25:04.452,1687.75,1688.75,1686.75,1687.25,16093
09/12/2013 03:19:05.717,1687.25,1688.25,1686.5,1687.0,15194
09/12/2013 04:38:09.713,1687.0,1687.25,1685.25,1686.5,18544
09/12/2013 05:54:00.308,1686.5,1687.75,1685.25,1687.5,16746
09/12/2013 06:52:31.527,1687.5,1688.75,1686.75,1688.5,19944
09/12/2013 07:30:03.751,1688.5,1689.5,1687.25,1687.75,20093
09/12/2013 07:56:35.826,1687.75,1689.0,1687.0,1688.5,15267
09/12/2013 08:30:00.065,1688.5,1689.0,1687.0,1687.75,17365
09/12/2013 08:32:30.181,1687.75,1689.0,1687.25,1687.5,22543
09/12/2013 08:36:29.521,1687.5,1688.25,1686.5,1686.75,16606
09/12/2013 08:38:52.425,1686.75,1687.0,1685.5,1685.75,17936
09/12/2013 08:41:49.654,1685.75,1686.75,1685.0,1685.25,20316
09/12/2013 08:46:17.666,1685.25,1686.75,1685.25,1686.25,16241
09/12/2013 08:49:49.531,1686.25,1687.5,1686.25,1687.0,18320
09/12/2013 08:53:44.706,1687.0,1687.75,1686.25,1687.25,17924
09/12/2013 09:00:10.419,1687.25,1688.25,1687.0,1688.0,18902
09/12/2013 09:08:08.866,1688.0,1688.75,1687.0,1688.25,17276
09/12/2013 09:18:11.418,1688.25,1688.75,1687.0,1687.25,17642
09/12/2013 09:28:20.141,1687.25,1689.0,1687.0,1688.75,17869
09/12/2013 09:38:13.153,1688.75,1690.0,1688.5,1689.5,18131
09/12/2013 09:50:02.317,1689.5,1690.0,1688.5,1688.75,16646
09/12/2013 09:59:30.831,1688.75,1689.5,1687.75,1688.0,18117
09/12/2013 10:09:27.360,1688.0,1688.75,1687.5,1687.5,18046
09/12/2013 10:17:42.001,1687.5,1687.5,1685.75,1686.0,19557
09/12/2013 10:26:55.249,1686.0,1687.25,1685.25,1686.5,20607
09/12/2013 10:33:50.025,1686.5,1687.5,1685.5,1685.75,20039
09/12/2013 10:39:07.306,1685.75,1686.25,1684.25,1684.25,20782
09/12/2013 10:50:52.354,1684.25,1685.5,1684.25,1684.5,17841
09/12/2013 11:00:26.570,1684.5,1686.25,1684.25,1684.75,18520
09/12/2013 11:08:41.634,1684.75,1685.0,1683.75,1684.75,22247
09/12/2013 11:18:01.053,1684.75,1684.75,1682.5,1683.75,21276
09/12/2013 11:27:43.030,1683.75,1683.75,1681.75,1682.5,22203
09/12/2013 11:40:24.384,1682.5,1684.25,1682.25,1683.75,18881
09/12/2013 11:59:42.081,1683.75,1684.5,1683.25,1684.5,19179
09/12/2013 12:15:56.093,1684.5,1686.25,1684.0,1686.25,18069
09/12/2013 12:31:57.187,1686.25,1687.5,1686.0,1686.25,20013
09/12/2013 12:50:26.192,1686.25,1687.25,1685.5,1686.25,17790
09/12/2013 13:13:58.619,1686.25,1686.75,1685.5,1686.0,17685
09/12/2013 13:29:17.473,1686.0,1686.75,1685.0,1685.5,21997
09/12/2013 13:45:53.432,1685.5,1686.25,1683.75,1685.0,19806
09/12/2013 14:01:24.656,1685.0,1686.75,1684.75,1686.25,22293
09/12/2013 14:11:42.409,1686.25,1686.25,1683.75,1684.0,24807
09/12/2013 14:20:59.953,1684.0,1684.25,1682.5,1683.75,24995
09/12/2013 14:32:59.410,1683.75,1684.25,1682.75,1683.75,24748
09/12/2013 14:47:56.705,1683.75,1684.25,1682.25,1682.5,25332
09/12/2013 14:55:46.042,1682.5,1682.75,1681.25,1682.75,24302
09/12/2013 14:59:59.251,1682.75,1684.0,1682.0,1684.0,32984
09/12/2013 15:02:56.628,1684.0,1685.0,1683.5,1684.0,36535
09/12/2013 19:10:03.746,1684.0,1685.75,1678.0,1680.25,35258
09/13/2013 00:40:37.299,1680.25,1680.75,1674.0,1674.5,17420
09/13/2013 03:05:21.372,1674.5,1679.0,1674.5,1677.0,21357
09/13/2013 05:26:28.405,1677.0,1677.25,1674.75,1676.75,17280
09/13/2013 07:07:48.538,1676.75,1679.75,1675.75,1679.5,19381
09/13/2013 08:01:02.710,1679.5,1680.5,1678.0,1679.25,19536
09/13/2013 08:30:59.524,1679.25,1680.0,1678.0,1679.5,20732
09/13/2013 08:35:41.209,1679.5,1680.25,1677.75,1678.75,23367
09/13/2013 08:40:00.241,1678.75,1680.5,1678.5,1680.0,22478
09/13/2013 08:46:28.328,1680.0,1680.25,1678.75,1679.75,23288
09/13/2013 08:54:32.881,1679.75,1681.25,1679.0,1681.25,19156
09/13/2013 08:57:23.443,1681.25,1682.25,1679.0,1680.5,21232
09/13/2013 09:02:36.802,1680.5,1680.75,1679.0,1679.25,20306
09/13/2013 09:07:05.957,1679.25,1679.5,1677.75,1678.0,18591
09/13/2013 09:12:16.393,1678.0,1678.0,1676.75,1676.75,18147
09/13/2013 09:17:15.328,1676.75,1677.0,1675.75,1676.25,20165
09/13/2013 09:25:25.393,1676.25,1677.25,1675.75,1676.25,20041
09/13/2013 09:31:50.050,1676.25,1677.25,1675.0,1676.75,23630
09/13/2013 09:40:16.065,1676.75,1678.75,1676.5,1678.5,24850
09/13/2013 09:48:32.722,1678.5,1679.5,1678.0,1678.5,25437
09/13/2013 09:59:19.497,1678.5,1679.75,1678.0,1679.25,22889
09/13/2013 10:14:12.280,1679.25,1679.75,1678.5,1679.5,23940
09/13/2013 10:26:01.227,1679.5,1681.5,1679.25,1681.5,19375
09/13/2013 10:34:24.507,1681.5,1681.5,1680.0,1680.5,18988
09/13/2013 10:52:34.555,1680.5,1681.25,1680.0,1680.75,16898
09/13/2013 11:21:45.070,1680.75,1681.25,1680.25,1681.25,17769
09/13/2013 11:46:10.738,1681.25,1681.75,1679.25,1679.75,21549
09/13/2013 12:17:19.268,1679.75,1681.0,1679.5,1680.25,17381
09/13/2013 12:52:53.261,1680.25,1681.25,1680.0,1681.0,16226
09/13/2013 13:15:20.254,1681.0,1682.0,1680.75,1681.25,19057
09/13/2013 13:47:17.939,1681.25,1681.5,1680.25,1680.5,17392
09/13/2013 14:14:09.177,1680.5,1681.0,1679.5,1680.25,18545
09/13/2013 14:42:06.481,1680.25,1681.0,1680.0,1680.25,16755
09/13/2013 14:54:36.446,1680.25,1680.5,1678.75,1679.0,19174
09/13/2013 14:59:50.550,1679.0,1681.5,1678.75,1681.25,32035
09/13/2013 15:07:58.102,1681.25,1682.0,1680.25,1681.5,43626
09/15/2013 17:00:33.040,1681.5,1696.5,1681.0,1695.75,29206
09/15/2013 17:14:21.905,1695.75,1701.5,1695.25,1699.0,23308
09/15/2013 17:47:55.570,1699.0,1703.75,1698.5,1703.25,25637
09/15/2013 19:34:50.693,1703.25,1703.25,1699.25,1699.75,21130
09/15/2013 23:52:44.829,1699.75,1701.0,1699.0,1700.5,16812
09/16/2013 02:02:52.308,1700.5,1700.5,1698.25,1698.25,20080
09/16/2013 02:41:12.378,1698.25,1699.0,1697.5,1698.5,19213
09/16/2013 03:17:51.098,1698.5,1702.0,1698.5,1701.75,16179
09/16/2013 04:28:48.440,1701.75,1702.5,1700.25,1701.5,16975
09/16/2013 05:55:48.843,1701.5,1701.75,1699.5,1699.75,16206
09/16/2013 07:02:58.045,1699.75,1700.5,1699.0,1699.75,18073
09/16/2013 07:48:55.919,1699.75,1699.75,1697.75,1697.75,18572
09/16/2013 08:16:02.695,1697.75,1699.5,1697.5,1699.25,17919
09/16/2013 08:30:33.387,1699.25,1700.0,1699.0,1699.75,21765
09/16/2013 08:32:49.249,1699.75,1700.5,1698.0,1698.0,21223
09/16/2013 08:35:42.260,1698.0,1698.25,1697.0,1697.25,22404
09/16/2013 08:38:17.826,1697.25,1697.25,1696.0,1696.5,23032
09/16/2013 08:41:00.068,1696.5,1696.75,1695.25,1695.25,23636
09/16/2013 08:43:29.135,1695.25,1695.75,1694.5,1695.5,23844
09/16/2013 08:46:48.414,1695.5,1695.75,1694.0,1694.5,24005
09/16/2013 08:50:17.942,1694.5,1696.0,1694.25,1695.75,21134
09/16/2013 08:54:56.642,1695.75,1696.0,1694.5,1694.75,18678
09/16/2013 08:59:45.700,1694.75,1694.75,1693.5,1694.5,24007
09/16/2013 09:03:00.603,1694.5,1695.25,1692.5,1692.5,22880
09/16/2013 09:05:00.676,1692.5,1693.5,1691.75,1693.25,22615
09/16/2013 09:08:55.644,1693.25,1694.25,1692.75,1694.0,23382
09/16/2013 09:15:48.271,1694.0,1695.25,1693.25,1695.25,20346
09/16/2013 09:22:11.050,1695.25,1695.75,1694.75,1695.25,22313
09/16/2013 09:30:46.366,1695.25,1696.0,1694.5,1695.0,19787
09/16/2013 09:35:31.981,1695.0,1696.75,1695.0,1695.25,19787
09/16/2013 09:41:41.090,1695.25,1696.25,1695.0,1695.0,22549
09/16/2013 09:49:17.363,1695.0,1695.75,1694.5,1695.5,15882
09/16/2013 09:56:41.134,1695.5,1696.0,1694.25,1694.25,16131
09/16/2013 10:02:43.202,1694.25,1694.75,1693.75,1693.75,19174
09/16/2013 10:09:46.279,1693.75,1695.0,1693.75,1694.75,23138
09/16/2013 10:20:50.217,1694.75,1696.0,1694.5,1695.75,17540
09/16/2013 10:33:02.321,1695.75,1696.5,1695.5,1696.25,21053
09/16/2013 10:45:21.826,1696.25,1697.25,1695.75,1696.75,21675
09/16/2013 11:02:44.509,1696.75,1697.5,1696.25,1697.0,19911
09/16/2013 11:13:41.462,1697.0,1697.75,1696.5,1697.5,25657
09/16/2013 11:24:54.803,1697.5,1698.5,1697.25,1697.5,20530
09/16/2013 11:39:10.161,1697.5,1698.0,1696.5,1697.0,21755
09/16/2013 11:57:30.628,1697.0,1697.0,1695.25,1695.5,18919
09/16/2013 12:12:58.053,1695.5,1696.0,1694.75,1695.25,17211
09/16/2013 12:32:36.844,1695.25,1695.5,1694.25,1694.75,16951
09/16/2013 12:41:58.633,1694.75,1695.0,1692.5,1692.75,20355
09/16/2013 12:43:37.694,1692.75,1693.0,1690.0,1690.75,23384
09/16/2013 12:52:00.912,1690.75,1692.5,1690.5,1692.25,18379
09/16/2013 13:02:13.588,1692.25,1693.25,1691.75,1693.0,20293
09/16/2013 13:16:06.586,1693.0,1693.25,1691.25,1691.5,16303
09/16/2013 13:24:56.936,1691.5,1693.25,1691.5,1692.25,17095
09/16/2013 13:32:50.801,1692.25,1692.25,1690.0,1690.0,20777
09/16/2013 13:37:37.726,1690.0,1691.0,1689.25,1690.25,20273
09/16/2013 13:45:13.173,1690.25,1690.75,1689.25,1689.5,16452
09/16/2013 13:51:34.686,1689.5,1691.5,1689.0,1691.5,18206
09/16/2013 14:03:39.188,1691.5,1691.5,1689.75,1690.5,17397
09/16/2013 14:10:54.348,1690.5,1692.5,1690.25,1692.25,19029
09/16/2013 14:24:12.253,1692.25,1692.25,1691.0,1691.25,16891
09/16/2013 14:32:05.616,1691.25,1691.75,1689.5,1689.5,18870
09/16/2013 14:38:03.284,1689.5,1690.5,1688.75,1689.0,20310
09/16/2013 14:42:18.511,1689.0,1690.5,1688.25,1689.25,23366
09/16/2013 14:46:25.293,1689.25,1689.25,1688.0,1689.0,20325
09/16/2013 14:51:52.899,1689.0,1690.25,1688.5,1689.75,17501
09/16/2013 14:57:37.133,1689.75,1690.75,1689.25,1690.5,19509
09/16/2013 15:00:00.837,1690.5,1691.25,1690.0,1691.25,32241
09/16/2013 15:06:53.674,1691.25,1691.5,1689.5,1690.25,35091
09/16/2013 17:02:11.991,1690.25,1692.25,1688.75,1690.0,31702
09/16/2013 22:00:14.334,1690.0,1690.75,1688.0,1690.5,15803
09/17/2013 02:03:09.039,1690.5,1690.75,1688.0,1690.0,14016
09/17/2013 03:11:09.273,1690.0,1691.25,1688.25,1688.75,14604
09/17/2013 04:14:35.766,1688.75,1690.5,1687.75,1688.5,14463
09/17/2013 05:24:01.787,1688.5,1689.75,1688.0,1688.75,14402
09/17/2013 06:33:03.947,1688.75,1691.5,1688.5,1690.5,16885
09/17/2013 07:19:16.211,1690.5,1691.75,1689.5,1691.75,19334
09/17/2013 07:52:26.471,1691.75,1692.75,1691.0,1692.25,20576
09/17/2013 08:14:46.429,1692.25,1693.25,1691.75,1692.0,23433
09/17/2013 08:30:39.750,1692.0,1693.25,1691.75,1693.0,25276
09/17/2013 08:34:55.569,1693.0,1694.25,1693.0,1693.75,23848
09/17/2013 08:39:30.014,1693.75,1694.5,1693.5,1694.0,22233
09/17/2013 08:44:09.330,1694.0,1695.0,1694.0,1694.75,19335
09/17/2013 08:48:45.205,1694.75,1695.25,1694.25,1694.5,19943
09/17/2013 08:52:21.069,1694.5,1696.0,1694.5,1695.75,22285
09/17/2013 08:57:27.535,1695.75,1696.5,1695.25,1695.75,19806
09/17/2013 09:05:09.024,1695.75,1696.0,1694.75,1696.0,22946
09/17/2013 09:10:48.755,1696.0,1696.5,1695.25,1696.0,20457
09/17/2013 09:17:05.873,1696.0,1697.0,1695.5,1696.5,20790
09/17/2013 09:27:01.813,1696.5,1697.25,1696.25,1696.5,22030
09/17/2013 09:36:40.985,1696.5,1697.75,1696.25,1697.75,18042
09/17/2013 09:45:47.973,1697.75,1697.75,1695.75,1696.5,20595
09/17/2013 09:55:38.679,1696.5,1696.75,1695.5,1696.5,21246
09/17/2013 10:10:39.442,1696.5,1697.0,1696.0,1696.75,18851
09/17/2013 10:20:23.684,1696.75,1696.75,1695.5,1696.75,19161
09/17/2013 10:34:28.581,1696.75,1697.25,1696.0,1696.25,18993
09/17/2013 10:49:52.685,1696.25,1696.5,1695.5,1696.0,19371
09/17/2013 11:14:30.371,1696.0,1696.75,1695.5,1696.0,17133
09/17/2013 11:45:17.336,1696.0,1697.0,1695.75,1697.0,17808
09/17/2013 12:00:09.568,1697.0,1698.25,1696.5,1698.0,19410
09/17/2013 12:12:03.161,1698.0,1698.5,1697.5,1697.5,20642
09/17/2013 12:46:00.332,1697.5,1697.75,1697.0,1697.5,17701
09/17/2013 13:02:26.355,1697.5,1698.5,1697.5,1698.0,17898
09/17/2013 13:24:17.782,1698.0,1698.75,1697.25,1697.5,17446
09/17/2013 13:42:51.858,1697.5,1698.5,1697.5,1698.25,19254
09/17/2013 14:04:26.362,1698.25,1698.5,1697.5,1698.0,18997
09/17/2013 14:26:05.425,1698.0,1698.25,1697.5,1697.5,26564
09/17/2013 14:36:31.017,1697.5,1698.0,1696.75,1696.75,22181
09/17/2013 14:48:13.632,1696.75,1698.0,1696.5,1697.75,26047
09/17/2013 14:58:11.759,1697.75,1698.0,1697.0,1697.75,28677
09/17/2013 15:00:54.258,1697.75,1698.5,1697.5,1697.75,38720
09/17/2013 15:14:20.589,1697.75,1698.75,1697.5,1698.5,35023
09/17/2013 19:11:42.213,1698.5,1699.75,1698.0,1699.5,23109
09/17/2013 23:35:52.355,1699.5,1701.0,1698.25,1699.25,15786
09/18/2013 02:28:10.476,1699.25,1700.0,1698.25,1698.25,15010
09/18/2013 03:40:03.946,1698.25,1700.75,1698.0,1700.0,15017
09/18/2013 04:39:58.012,1700.0,1701.5,1699.75,1701.5,15907
09/18/2013 05:42:51.735,1701.5,1701.75,1699.25,1699.5,15856
09/18/2013 07:00:25.907,1699.5,1700.5,1699.0,1699.25,16544
09/18/2013 07:34:50.736,1699.25,1700.25,1698.25,1698.75,23724
09/18/2013 08:11:54.039,1698.75,1699.5,1698.0,1698.0,15868
09/18/2013 08:30:03.832,1698.0,1698.5,1697.25,1697.75,20456
09/18/2013 08:33:18.942,1697.75,1698.75,1697.0,1697.25,22264
09/18/2013 08:37:50.860,1697.25,1698.75,1697.0,1698.5,19432
09/18/2013 08:41:59.123,1698.5,1698.75,1697.0,1697.25,17112
09/18/2013 08:48:40.058,1697.25,1698.25,1697.0,1698.0,16622
09/18/2013 08:55:04.452,1698.0,1699.0,1697.75,1698.75,18662
09/18/2013 09:01:17.990,1698.75,1699.0,1697.25,1697.25,17064
09/18/2013 09:06:10.634,1697.25,1699.0,1697.25,1698.75,17948
09/18/2013 09:14:32.311,1698.75,1699.25,1698.25,1698.5,18834
09/18/2013 09:23:25.538,1698.5,1698.75,1697.0,1697.25,20389
09/18/2013 09:28:30.062,1697.25,1697.25,1695.5,1695.75,21351
09/18/2013 09:34:31.861,1695.75,1696.25,1695.0,1695.5,19232
09/18/2013 09:40:03.139,1695.5,1696.5,1695.0,1696.25,19505
09/18/2013 09:48:10.773,1696.25,1696.25,1694.5,1695.0,21656
09/18/2013 09:58:40.324,1695.0,1696.25,1694.75,1696.0,19161
09/18/2013 10:12:59.071,1696.0,1696.5,1695.5,1695.75,20847
09/18/2013 10:26:47.567,1695.75,1696.0,1695.0,1695.75,20211
09/18/2013 10:39:48.885,1695.75,1696.25,1695.0,1695.25,20677
09/18/2013 10:48:04.052,1695.25,1695.25,1694.0,1695.0,19490
09/18/2013 11:00:54.138,1695.0,1695.5,1694.0,1694.0,19978
09/18/2013 11:10:48.452,1694.0,1694.75,1693.75,1694.5,19798
09/18/2013 11:23:57.519,1694.5,1694.5,1693.25,1694.25,22602
09/18/2013 11:43:27.464,1694.25,1694.75,1693.5,1694.5,21881
09/18/2013 11:58:37.410,1694.5,1695.5,1694.25,1695.0,18539
09/18/2013 12:15:58.264,1695.0,1696.25,1695.0,1696.0,20365
09/18/2013 12:28:14.193,1696.0,1697.25,1695.75,1696.75,22178
09/18/2013 12:42:32.489,1696.75,1697.5,1695.75,1695.75,21931
09/18/2013 12:57:52.436,1695.75,1696.75,1695.5,1696.5,19679
09/18/2013 13:00:07.695,1696.5,1705.5,1695.0,1705.5,21999
09/18/2013 13:00:22.440,1705.5,1708.75,1703.0,1708.5,18234
09/18/2013 13:00:51.486,1708.5,1711.5,1706.75,1710.75,23525
09/18/2013 13:01:16.741,1710.75,1713.0,1710.0,1711.25,23867
09/18/2013 13:01:59.965,1711.25,1711.5,1708.75,1710.25,27250
09/18/2013 13:03:15.063,1710.25,1712.0,1709.75,1710.5,26588
09/18/2013 13:04:18.319,1710.5,1711.0,1706.5,1707.75,19150
09/18/2013 13:05:53.650,1707.75,1708.5,1706.0,1708.25,22704
09/18/2013 13:07:05.463,1708.25,1710.5,1707.5,1709.5,21814
09/18/2013 13:08:31.410,1709.5,1710.0,1708.0,1708.25,18725
09/18/2013 13:09:58.575,1708.25,1710.25,1707.75,1710.25,19247
09/18/2013 13:11:02.242,1710.25,1712.25,1709.75,1712.0,22148
09/18/2013 13:11:40.351,1712.0,1714.5,1711.75,1714.5,21337
09/18/2013 13:12:26.670,1714.5,1715.5,1714.0,1714.25,23962
09/18/2013 13:13:32.240,1714.25,1714.5,1712.75,1713.0,20327
09/18/2013 13:14:56.377,1713.0,1714.0,1711.75,1712.0,21034
09/18/2013 13:16:53.748,1712.0,1714.25,1712.0,1712.25,19942
09/18/2013 13:19:42.331,1712.25,1713.25,1712.0,1712.75,20609
09/18/2013 13:21:35.494,1712.75,1715.0,1712.0,1714.75,21301
09/18/2013 13:22:49.094,1714.75,1716.75,1714.0,1716.5,21290
09/18/2013 13:25:05.773,1716.5,1717.0,1715.5,1716.75,23698
09/18/2013 13:28:09.389,1716.75,1717.0,1714.25,1714.5,21157
09/18/2013 13:30:42.327,1714.5,1714.5,1712.75,1713.75,22651
09/18/2013 13:33:50.041,1713.75,1714.75,1712.0,1712.25,21854
09/18/2013 13:36:23.105,1712.25,1714.5,1712.25,1713.75,21300
09/18/2013 13:40:35.295,1713.75,1714.5,1712.5,1714.5,20439
09/18/2013 13:44:06.387,1714.5,1716.0,1713.5,1716.0,18722
09/18/2013 13:47:38.965,1716.0,1716.5,1714.75,1715.25,21464
09/18/2013 13:49:49.874,1715.25,1717.75,1715.25,1717.5,19906
09/18/2013 13:52:20.039,1717.5,1718.75,1717.0,1718.0,19124
09/18/2013 13:55:34.013,1718.0,1719.75,1717.5,1719.25,19572
09/18/2013 13:58:08.631,1719.25,1721.0,1718.5,1721.0,21839
09/18/2013 13:59:34.191,1721.0,1722.0,1720.75,1721.0,20230
09/18/2013 14:00:58.355,1721.0,1723.25,1721.0,1721.75,21009
09/18/2013 14:03:25.141,1721.75,1723.0,1721.25,1722.75,19885
09/18/2013 14:06:04.402,1722.75,1723.0,1720.5,1720.5,22115
09/18/2013 14:09:34.281,1720.5,1721.5,1720.25,1720.75,18902
09/18/2013 14:13:45.562,1720.75,1721.0,1719.5,1719.75,22753
09/18/2013 14:18:06.776,1719.75,1720.0,1718.75,1719.0,19450
09/18/2013 14:21:57.723,1719.0,1719.0,1717.5,1717.5,25994
09/18/2013 14:26:05.239,1717.5,1719.0,1717.5,1718.75,21452
09/18/2013 14:29:50.455,1718.75,1719.0,1716.75,1717.25,27807
09/18/2013 14:32:25.145,1717.25,1718.5,1717.0,1717.5,22575
09/18/2013 14:36:55.625,1717.5,1718.0,1716.75,1717.5,21859
09/18/2013 14:40:24.909,1717.5,1719.5,1717.25,1719.0,21622
09/18/2013 14:44:36.766,1719.0,1719.75,1718.25,1718.75,20747
09/18/2013 14:49:05.575,1718.75,1719.25,1718.0,1718.75,19556
09/18/2013 14:53:09.770,1718.75,1719.0,1717.25,1717.5,23455
09/18/2013 14:57:44.453,1717.5,1718.0,1716.25,1717.5,27495
09/18/2013 14:59:57.051,1717.5,1718.5,1717.25,1718.25,38800
09/18/2013 15:00:50.271,1718.25,1719.25,1717.5,1717.75,51697
09/18/2013 15:10:34.880,1717.75,1718.25,1717.25,1717.75,43835
09/18/2013 17:06:08.766,1717.75,1719.0,1717.25,1718.75,34666
09/18/2013 19:22:16.861,1718.75,1720.5,1718.5,1719.0,17817
09/18/2013 22:12:14.594,1719.0,1720.75,1718.25,1720.0,14502
09/19/2013 01:19:12.928,1720.0,1721.0,1718.75,1720.25,17142
09/19/2013 02:07:27.277,1720.25,1721.25,1719.75,1720.75,16198
09/19/2013 02:30:05.794,1720.75,1721.75,1720.5,1721.75,17706
09/19/2013 02:56:43.388,1721.75,1723.75,1721.5,1723.25,18661
09/19/2013 03:38:06.860,1723.25,1723.5,1722.25,1722.5,17522
09/19/2013 04:30:25.303,1722.5,1725.0,1722.25,1725.0,23349
09/19/2013 04:50:28.038,1725.0,1726.75,1725.0,1725.5,20127
09/19/2013 05:52:47.027,1725.5,1726.5,1725.0,1725.25,17849
09/19/2013 06:39:19.317,1725.25,1725.75,1722.5,1722.75,18730
09/19/2013 07:17:31.835,1722.75,1723.25,1721.5,1721.5,17578
09/19/2013 07:38:55.950,1721.5,1723.0,1721.25,1722.5,18372
09/19/2013 07:55:40.008,1722.5,1723.0,1721.0,1721.75,18824
09/19/2013 08:18:48.953,1721.75,1722.75,1721.25,1722.25,17816
09/19/2013 08:30:17.976,1722.25,1723.5,1722.25,1723.0,20896
09/19/2013 08:34:02.021,1723.0,1723.25,1722.5,1723.25,22658
09/19/2013 08:37:29.742,1723.25,1723.75,1722.75,1722.75,24349
09/19/2013 08:40:17.541,1722.75,1722.75,1721.0,1721.0,22250
09/19/2013 08:43:03.391,1721.0,1721.0,1720.25,1721.0,23000
09/19/2013 08:45:07.200,1721.0,1721.25,1719.25,1720.25,27082
09/19/2013 08:47:30.511,1720.25,1721.0,1719.0,1719.25,19815
09/19/2013 08:50:08.534,1719.25,1720.0,1719.25,1719.5,20494
09/19/2013 08:52:45.227,1719.5,1719.5,1718.25,1719.0,23751
09/19/2013 08:55:55.519,1719.0,1719.75,1718.5,1719.75,20969
09/19/2013 08:59:51.702,1719.75,1721.75,1719.5,1721.75,21763
09/19/2013 09:02:11.544,1721.75,1722.25,1720.5,1721.75,21980
09/19/2013 09:05:00.897,1721.75,1722.75,1721.25,1722.0,18877
09/19/2013 09:07:45.539,1722.0,1722.25,1720.0,1720.5,21543
09/19/2013 09:09:30.226,1720.5,1720.75,1718.75,1719.5,19767
09/19/2013 09:12:43.080,1719.5,1720.5,1719.25,1719.75,19605
09/19/2013 09:16:34.150,1719.75,1720.25,1718.5,1718.5,22301
09/19/2013 09:19:41.930,1718.5,1718.75,1717.75,1718.5,21002
09/19/2013 09:23:41.323,1718.5,1720.0,1718.0,1720.0,20668
09/19/2013 09:26:08.254,1720.0,1721.0,1719.75,1720.5,22490
09/19/2013 09:31:33.473,1720.5,1721.0,1719.75,1719.75,19749
09/19/2013 09:35:58.936,1719.75,1719.75,1718.5,1718.5,19384
09/19/2013 09:41:39.338,1718.5,1720.0,1718.25,1720.0,18759
09/19/2013 09:48:21.944,1720.0,1720.5,1719.25,1719.75,18855
09/19/2013 09:56:58.031,1719.75,1720.0,1718.75,1719.75,19103
09/19/2013 10:06:11.500,1719.75,1720.0,1719.0,1719.25,20469
09/19/2013 10:11:59.326,1719.25,1719.75,1717.5,1717.5,25136
09/19/2013 10:18:26.523,1717.5,1718.75,1717.5,1718.75,22814
09/19/2013 10:27:43.705,1718.75,1719.5,1718.0,1718.5,20892
09/19/2013 10:32:13.972,1718.5,1718.75,1716.75,1717.0,24870
09/19/2013 10:34:11.770,1717.0,1717.25,1715.5,1716.0,27532
09/19/2013 10:39:59.284,1716.0,1717.25,1715.75,1717.0,22725
09/19/2013 10:51:04.489,1717.0,1717.75,1716.5,1716.75,19933
09/19/2013 11:00:01.324,1716.75,1717.25,1716.25,1716.75,20046
09/19/2013 11:06:21.140,1716.75,1718.5,1716.5,1718.25,20364
09/19/2013 11:16:29.438,1718.25,1718.75,1717.75,1718.25,21194
09/19/2013 11:31:34.500,1718.25,1718.5,1717.5,1717.75,22446
09/19/2013 11:48:52.189,1717.75,1718.0,1716.75,1716.75,20973
09/19/2013 12:01:59.412,1716.75,1717.25,1715.75,1716.0,20860
09/19/2013 12:09:09.308,1716.0,1716.25,1714.5,1714.75,28510
09/19/2013 12:15:45.322,1714.75,1715.5,1714.0,1715.5,23460
09/19/2013 12:33:04.743,1715.5,1716.5,1715.25,1715.5,23022
09/19/2013 12:44:08.911,1715.5,1716.0,1714.5,1715.25,22272
09/19/2013 12:54:41.241,1715.25,1715.5,1713.75,1714.25,22568
09/19/2013 13:04:29.541,1714.25,1714.5,1713.25,1714.25,23843
09/19/2013 13:14:36.446,1714.25,1716.0,1714.0,1715.5,22652
09/19/2013 13:28:51.193,1715.5,1716.5,1715.0,1715.25,22688
09/19/2013 13:42:44.471,1715.25,1715.25,1713.75,1714.75,20356
09/19/2013 14:00:35.308,1714.75,1715.75,1714.25,1715.75,21552
09/19/2013 14:10:11.017,1715.75,1716.75,1715.5,1715.75,22650
09/19/2013 14:23:23.143,1715.75,1717.25,1715.75,1717.25,24425
09/19/2013 14:29:44.514,1717.25,1717.5,1716.0,1716.75,24216
09/19/2013 14:45:10.319,1716.75,1716.75,1715.75,1716.5,23231
09/19/2013 14:52:42.081,1716.5,1717.0,1715.5,1716.25,28779
09/19/2013 14:56:59.515,1716.25,1716.5,1714.75,1715.0,26301
09/19/2013 15:00:00.187,1715.0,1715.75,1714.5,1715.75,36836
09/19/2013 15:06:54.714,1715.75,1716.75,1715.0,1716.25,41480
09/19/2013 16:11:35.227,1716.25,1717.75,1716.25,1717.25,31850
09/19/2013 23:12:37.191,1717.25,1717.5,1714.25,1715.25,18524
09/20/2013 02:17:04.613,1715.25,1716.25,1714.5,1715.5,14617
09/20/2013 03:08:59.082,1715.5,1717.25,1714.75,1717.0,14125
09/20/2013 04:23:16.874,1717.0,1717.5,1716.0,1716.5,16151
09/20/2013 05:47:38.452,1716.5,1717.5,1716.25,1717.25,15354
09/20/2013 06:44:01.325,1717.25,1718.5,1717.0,1717.75,19543
09/20/2013 07:04:35.877,1717.75,1717.75,1714.75,1714.75,17127
09/20/2013 07:18:55.550,1714.75,1715.5,1713.75,1714.75,19217
09/20/2013 07:31:10.267,1714.75,1715.25,1713.75,1715.0,21767
09/20/2013 07:46:07.324,1715.0,1716.0,1714.0,1714.5,19771
09/20/2013 08:04:48.022,1714.5,1716.25,1714.25,1716.25,17030
09/20/2013 08:17:16.715,1716.25,1718.5,1715.75,1718.0,20321
09/20/2013 08:26:23.027,1718.0,1719.0,1718.0,1719.0,22106
09/20/2013 08:30:04.941,1719.0,1719.5,1718.25,1718.25,28496
09/20/2013 08:32:43.913,1718.25,1718.5,1717.0,1717.5,26335
09/20/2013 08:36:50.426,1717.5,1717.75,1716.25,1716.75,28672
09/20/2013 08:40:44.785,1716.75,1718.0,1716.75,1717.0,23812
09/20/2013 08:46:14.013,1717.0,1717.25,1715.75,1715.75,25091
09/20/2013 08:52:13.266,1715.75,1716.25,1715.25,1716.25,26048
09/20/2013 08:56:16.336,1716.25,1716.5,1715.0,1715.0,25202
09/20/2013 08:57:57.461,1715.0,1715.25,1713.0,1713.5,25751
09/20/2013 09:00:54.322,1713.5,1714.75,1713.25,1714.5,21946
09/20/2013 09:05:32.128,1714.5,1715.25,1713.25,1713.25,21684
09/20/2013 09:10:56.953,1713.25,1714.25,1713.0,1714.25,19689
09/20/2013 09:12:27.922,1714.25,1714.25,1711.75,1712.25,22937
09/20/2013 09:17:08.840,1712.25,1713.75,1712.0,1713.75,19782
09/20/2013 09:23:24.078,1713.75,1714.25,1713.0,1714.0,17964
09/20/2013 09:30:25.950,1714.0,1714.75,1713.5,1713.5,20603
09/20/2013 09:37:52.103,1713.5,1715.25,1713.5,1714.75,21751
09/20/2013 09:44:45.285,1714.75,1715.75,1714.5,1715.0,20093
09/20/2013 09:50:01.152,1715.0,1715.25,1713.75,1715.0,21582
09/20/2013 09:56:32.877,1715.0,1715.25,1713.5,1713.5,23979
09/20/2013 10:04:37.400,1713.5,1715.25,1713.25,1714.25,21764
09/20/2013 10:13:39.648,1714.25,1714.5,1712.75,1712.75,20433
09/20/2013 10:21:00.486,1712.75,1713.0,1712.0,1712.25,23413
09/20/2013 10:25:38.470,1712.25,1712.5,1711.0,1711.5,24448
09/20/2013 10:31:43.323,1711.5,1712.75,1711.0,1712.5,21948
09/20/2013 10:37:22.572,1712.5,1713.0,1711.0,1711.5,19864
09/20/2013 10:43:37.023,1711.5,1711.75,1710.25,1710.25,25191
09/20/2013 10:52:29.060,1710.25,1711.0,1709.75,1710.5,22665
09/20/2013 10:59:21.661,1710.5,1711.0,1708.5,1708.5,26758
09/20/2013 11:02:26.599,1708.5,1709.25,1707.75,1708.75,20220
09/20/2013 11:13:59.905,1708.75,1710.0,1708.25,1709.25,22710
09/20/2013 11:23:47.756,1709.25,1709.5,1707.0,1707.0,23816
09/20/2013 11:28:48.378,1707.0,1708.25,1706.75,1707.0,22824
09/20/2013 11:39:46.803,1707.0,1708.5,1706.75,1708.0,22753
09/20/2013 11:51:10.496,1708.0,1709.75,1707.75,1709.5,23770
09/20/2013 12:04:38.358,1709.5,1710.0,1708.75,1709.25,20196
09/20/2013 12:15:12.687,1709.25,1709.5,1707.5,1707.75,19696
09/20/2013 12:23:26.002,1707.75,1708.0,1706.25,1707.25,21681
09/20/2013 12:34:00.823,1707.25,1708.0,1706.0,1707.75,20111
09/20/2013 12:42:44.699,1707.75,1708.25,1705.5,1705.75,20929
09/20/2013 12:53:13.000,1705.75,1707.25,1705.25,1707.0,22621
09/20/2013 13:01:56.070,1707.0,1707.0,1704.5,1704.5,23100
09/20/2013 13:09:57.713,1704.5,1705.75,1704.25,1705.25,25366
09/20/2013 13:24:11.248,1705.25,1706.25,1704.5,1706.25,20568
09/20/2013 13:34:01.579,1706.25,1707.25,1706.0,1706.75,21285
09/20/2013 13:41:54.052,1706.75,1706.75,1704.0,1704.75,21519
09/20/2013 13:49:43.419,1704.75,1706.25,1704.25,1706.0,20934
09/20/2013 14:01:41.061,1706.0,1706.75,1705.0,1706.75,19174
09/20/2013 14:10:50.150,1706.75,1707.0,1705.25,1705.25,17948
09/20/2013 14:16:57.649,1705.25,1706.0,1704.5,1705.25,23624
09/20/2013 14:23:31.142,1705.25,1706.0,1703.75,1703.75,21948
09/20/2013 14:28:03.315,1703.75,1704.25,1703.25,1703.75,20680
09/20/2013 14:33:06.100,1703.75,1704.0,1702.0,1702.75,27184
09/20/2013 14:37:12.980,1702.75,1703.75,1701.25,1703.75,28058
09/20/2013 14:42:32.328,1703.75,1704.75,1703.25,1704.25,23045
09/20/2013 14:48:03.916,1704.25,1704.75,1702.0,1702.25,22626
09/20/2013 14:53:43.837,1702.25,1704.0,1702.0,1703.25,25095
09/20/2013 14:57:54.207,1703.25,1704.25,1703.0,1704.0,24307
09/20/2013 14:59:52.987,1704.0,1704.25,1702.25,1703.0,35671
09/20/2013 15:00:14.801,1703.0,1703.25,1701.5,1703.0,53440
09/20/2013 15:03:43.157,1703.0,1703.25,1701.25,1701.5,38337
09/20/2013 15:11:41.563,1701.5,1703.25,1701.25,1703.0,37127
