date_time,open,high,low,close,cum_vol,cum_dollar,cum_ticks
2011-10-19 06:03:14.559,1216.25,1220.0,1215.25,1217.75,57504,70001037.5,21964
2011-10-19 08:14:25.350,1217.75,1220.25,1214.5,1215.75,57528,70022439.0,24873
2011-10-19 10:05:25.398,1215.75,1226.0,1214.25,1225.75,57391,70086531.5,22744
2011-10-19 11:47:47.293,1225.75,1227.25,1221.0,1221.5,57176,70000981.25,20319
2011-10-19 12:39:17.253,1221.5,1222.75,1217.5,1222.75,57394,70032548.0,19718
2011-10-19 13:25:22.618,1222.75,1223.75,1218.75,1219.5,57313,70001790.0,17469
2011-10-19 13:33:36.627,1219.5,1219.5,1217.5,1217.5,57487,70037527.0,12940
2011-10-19 13:41:06.884,1217.5,1222.25,1217.5,1220.0,57358,70001223.75,17209
2011-10-19 13:50:23.590,1220.0,1220.25,1217.0,1219.0,57447,70000776.25,18412
2011-10-19 13:57:34.825,1219.0,1219.5,1215.5,1217.5,57521,70015426.75,16124
2011-10-19 14:05:21.549,1217.5,1220.25,1215.25,1217.25,57503,70003465.0,18330
2011-10-19 14:14:24.464,1217.25,1221.5,1216.25,1221.0,57420,70002088.25,18420
2011-10-19 14:24:11.095,1221.0,1222.75,1219.0,1222.5,57341,70011368.5,18290
2011-10-19 14:32:05.083,1222.5,1225.25,1222.0,1224.5,57198,70004203.75,15595
2011-10-19 14:44:29.177,1224.5,1225.0,1222.0,1222.75,57221,70000357.25,18086
2011-10-19 14:57:45.717,1222.75,1224.75,1221.5,1223.75,57241,70004584.25,18700
2011-10-19 15:10:44.579,1223.75,1224.75,1220.25,1221.25,57289,70000731.0,17942
2011-10-19 15:24:22.108,1221.25,1222.75,1219.0,1220.5,57358,70001857.5,16982
2011-10-19 15:40:02.569,1220.5,1224.75,1220.5,1223.0,57263,70024626.0,16769
2011-10-19 15:59:54.450,1223.0,1224.25,1218.75,1219.25,57311,70007035.25,16544
2011-10-19 16:17:09.557,1219.25,1220.75,1217.5,1218.75,57430,70000637.5,16050
2011-10-19 16:36:36.175,1218.75,1222.0,1218.5,1221.25,57375,70001018.75,17117
2011-10-19 17:08:30.760,1221.25,1222.5,1219.5,1222.5,57323,70002224.5,18706
2011-10-19 17:31:46.485,1222.5,1223.0,1218.75,1219.25,57331,70005855.25,17306
2011-10-19 17:46:07.871,1219.25,1219.5,1215.75,1216.0,57505,70018949.5,14040
2011-10-19 18:02:35.239,1216.0,1218.5,1215.25,1217.25,57542,70008285.0,15961
2011-10-19 18:06:45.634,1217.25,1217.5,1211.25,1212.0,57712,70074266.75,14473
2011-10-19 18:14:39.358,1212.0,1212.75,1210.5,1211.25,57933,70187075.75,16960
2011-10-19 18:21:58.826,1211.25,1212.25,1209.0,1210.0,57824,70000403.5,13451
2011-10-19 18:30:02.213,1210.0,1211.25,1206.75,1207.0,57919,70001087.75,15053
2011-10-19 18:37:05.905,1207.0,1208.5,1205.5,1208.25,58021,70015474.75,16717
2011-10-19 18:48:55.877,1208.25,1211.0,1206.25,1210.75,57928,70001406.5,17066
2011-10-19 18:57:47.711,1210.75,1211.5,1206.25,1207.0,57915,70009285.5,16017
2011-10-19 19:07:09.779,1207.0,1207.0,1202.75,1203.0,58101,70007829.75,16331
2011-10-19 19:13:35.907,1203.0,1206.5,1202.75,1204.5,58135,70015401.75,15643
2011-10-19 19:26:05.656,1204.5,1208.0,1204.0,1205.5,58029,70002971.0,16588
2011-10-19 19:38:13.879,1205.5,1208.25,1203.75,1204.5,58040,70000621.0,17585
2011-10-19 19:45:01.423,1204.5,1207.5,1201.5,1205.0,58139,70000161.75,16853
2011-10-19 19:51:14.102,1205.0,1208.75,1203.5,1205.75,58023,70000385.75,16877
2011-10-19 19:59:27.325,1205.75,1207.0,1204.0,1204.25,58068,70001823.0,14677
2011-10-19 20:07:11.752,1204.25,1206.75,1204.0,1205.75,58346,70327738.5,9475
2011-10-20 01:54:33.093,1205.75,1211.0,1205.25,1207.5,57968,70018438.0,17486
2011-10-20 07:18:55.690,1207.5,1209.0,1201.0,1204.5,58130,70002989.5,24908
2011-10-20 08:36:56.515,1204.5,1210.25,1201.5,1208.75,58044,70006747.75,24427
2011-10-20 09:43:08.945,1208.75,1216.25,1204.5,1213.25,57817,70000579.5,20983
2011-10-20 11:21:03.873,1213.25,1215.75,1208.5,1208.75,57742,70000014.5,21177
2011-10-20 12:31:55.742,1208.75,1214.5,1208.0,1211.5,57776,70006007.25,19490
2011-10-20 13:08:44.947,1211.5,1213.75,1206.75,1207.25,57809,70000797.0,17228
2011-10-20 13:29:54.622,1207.25,1212.0,1205.0,1211.0,58004,70002727.0,17183
2011-10-20 13:34:48.919,1211.0,1211.25,1205.5,1207.0,58011,70052010.5,20361
2011-10-20 13:41:19.369,1207.0,1207.0,1203.0,1205.0,58118,70004735.5,18666
2011-10-20 13:47:48.640,1205.0,1209.0,1203.25,1207.75,58031,70001066.25,17524
2011-10-20 13:56:45.187,1207.75,1209.0,1204.0,1205.25,58034,70006482.25,18399
2011-10-20 14:01:30.917,1205.25,1212.0,1203.5,1210.0,57936,70001250.5,15192
2011-10-20 14:06:11.088,1210.0,1210.0,1206.0,1206.5,57954,70008453.25,15844
2011-10-20 14:14:15.603,1206.5,1212.5,1206.0,1212.25,57901,70009462.5,16754
2011-10-20 14:21:57.606,1212.25,1212.5,1208.75,1209.5,57825,70002386.5,16330
2011-10-20 14:29:31.596,1209.5,1210.0,1205.5,1206.5,57992,70004008.25,16469
2011-10-20 14:36:17.195,1206.5,1209.25,1205.25,1208.5,57992,70004056.0,15179
2011-10-20 14:45:03.072,1208.5,1210.0,1206.75,1208.0,57951,70011404.0,16855
2011-10-20 14:54:44.903,1208.0,1208.25,1204.25,1205.0,58059,70001108.25,16262
2011-10-20 15:00:06.803,1205.0,1205.5,1199.75,1199.75,58203,70007982.75,15388
2011-10-20 15:04:59.884,1199.75,1199.75,1198.5,1198.5,58379,70003422.25,15588
2011-10-20 15:13:58.760,1198.5,1200.5,1197.75,1200.0,58372,70005365.25,15947
2011-10-20 15:21:22.253,1200.0,1200.25,1196.5,1197.5,58635,70225929.25,13573
2011-10-20 15:31:41.919,1197.5,1201.0,1197.5,1198.75,58408,70043417.75,14625
2011-10-20 15:42:02.163,1198.75,1202.75,1198.25,1202.0,58296,70002310.25,13987
2011-10-20 15:54:15.233,1202.0,1202.25,1198.0,1198.5,58343,70000575.0,13909
2011-10-20 16:03:02.390,1198.5,1199.25,1195.25,1197.0,58498,70000343.25,13945
2011-10-20 16:14:01.776,1197.0,1197.75,1193.5,1194.25,58583,70022087.5,14218
2011-10-20 16:26:01.508,1194.25,1195.75,1192.5,1195.0,58625,70004430.75,16888
2011-10-20 16:38:31.157,1195.0,1198.0,1194.25,1197.0,58577,70089436.25,16762
2011-10-20 16:58:23.260,1197.0,1201.0,1196.5,1201.0,58433,70013128.25,16668
2011-10-20 17:06:25.477,1201.0,1204.0,1200.5,1203.5,58249,70000647.25,14643
2011-10-20 17:17:15.549,1203.5,1205.25,1201.0,1205.25,58238,70085534.0,16242
2011-10-20 17:24:02.880,1205.25,1209.0,1205.0,1208.75,58006,70001562.75,15558
2011-10-20 17:29:32.949,1208.75,1211.75,1207.75,1208.0,57875,70002019.75,15663
2011-10-20 17:40:52.526,1208.0,1210.25,1206.25,1206.75,57990,70040476.75,15624
2011-10-20 17:46:08.429,1206.75,1209.5,1204.25,1208.5,58017,70004034.75,15451
2011-10-20 17:55:23.441,1208.5,1210.75,1205.75,1209.25,57924,70001149.25,16554
2011-10-20 18:06:10.221,1209.25,1209.25,1204.25,1205.25,57994,70000220.25,14769
2011-10-20 18:22:04.110,1205.25,1206.5,1203.25,1205.5,58107,70005362.25,15477
2011-10-20 18:39:24.799,1205.5,1210.75,1204.25,1210.25,57977,70006869.25,15494
2011-10-20 18:47:50.005,1210.5,1213.75,1210.25,1211.0,57745,70003806.25,15181
2011-10-20 19:00:37.568,1211.0,1215.5,1210.75,1213.0,57679,70000418.5,15768
2011-10-20 19:20:24.816,1213.0,1214.0,1210.25,1211.5,57757,70001445.75,16335
2011-10-20 19:30:44.907,1211.5,1211.75,1206.5,1207.5,57924,70000083.75,14221
2011-10-20 19:45:06.418,1207.5,1211.75,1206.75,1211.0,57903,70000227.75,16581
2011-10-20 19:54:09.189,1211.0,1213.25,1209.75,1212.25,57774,70001954.25,16285
2011-10-20 19:59:59.688,1212.25,1212.25,1209.75,1210.5,57811,70010581.5,10301
2011-10-20 20:09:28.233,1210.5,1211.5,1208.25,1209.5,57866,70004837.0,10551
2011-10-21 04:09:26.774,1209.5,1215.25,1208.0,1211.5,57789,70000817.5,18033
2011-10-21 08:09:42.134,1211.5,1215.5,1209.5,1211.5,57745,70018463.0,24419
2011-10-21 10:17:03.534,1211.5,1215.75,1210.75,1214.25,57693,70002100.75,20237
2011-10-21 11:26:11.469,1214.25,1220.5,1213.0,1219.5,57573,70035443.0,16570
2011-10-21 12:14:33.083,1219.5,1223.75,1219.5,1221.75,57305,70003982.5,18967
2011-10-21 13:05:49.151,1221.75,1224.75,1220.0,1224.0,57331,70088696.5,17999
2011-10-21 13:27:27.215,1224.0,1227.25,1223.25,1227.0,57138,70008931.0,11847
2011-10-21 13:33:29.858,1227.0,1227.0,1224.0,1225.25,57148,70018184.0,13552
2011-10-21 13:41:52.253,1225.5,1226.5,1223.75,1226.0,57147,70004461.0,15843
2011-10-21 13:49:20.956,1226.0,1228.25,1224.5,1227.25,57090,70003957.5,15588
2011-10-21 13:56:30.394,1227.25,1229.75,1227.0,1229.5,56993,70003543.0,14010
2011-10-21 14:05:29.490,1229.5,1229.75,1226.25,1227.0,57005,70002380.0,15784
2011-10-21 14:16:54.889,1227.0,1229.75,1226.5,1229.75,57003,70001032.5,15797
2011-10-21 14:19:46.837,1229.75,1232.75,1229.75,1232.25,56831,70000402.75,12747
2011-10-21 14:25:34.098,1232.25,1234.75,1232.0,1233.5,56744,70005538.0,14084
2011-10-21 14:31:46.693,1233.5,1235.75,1233.0,1234.0,56741,70030060.5,13273
2011-10-21 14:38:55.098,1234.0,1234.75,1232.25,1233.75,56775,70015674.75,16297
2011-10-21 14:50:24.334,1233.75,1234.0,1231.25,1232.5,56802,70001150.5,16128
2011-10-21 15:00:40.084,1232.5,1232.75,1230.5,1232.5,56878,70036442.5,15190
2011-10-21 15:10:49.344,1232.5,1232.75,1228.5,1229.0,56904,70009824.25,14998
2011-10-21 15:29:00.547,1229.0,1232.0,1228.75,1230.75,56881,70001103.75,17096
2011-10-21 15:49:09.022,1230.75,1233.0,1230.0,1232.25,56856,70013998.0,15543
2011-10-21 16:16:25.589,1232.25,1233.25,1229.75,1230.75,56939,70116975.0,16076
2011-10-21 16:40:31.218,1230.75,1230.75,1227.5,1228.75,56950,70000328.25,14835
2011-10-21 17:03:55.189,1228.75,1229.0,1225.25,1225.5,57020,70000511.75,14869
2011-10-21 17:16:30.494,1225.5,1226.0,1222.75,1225.25,57166,70003787.75,13886
2011-10-21 17:32:13.355,1225.25,1226.25,1222.0,1222.5,57181,70000189.5,15234
2011-10-21 17:50:29.607,1222.5,1224.75,1221.75,1223.25,57222,70000602.75,17213
2011-10-21 18:07:13.078,1223.25,1227.5,1221.75,1226.75,57171,70001113.75,16745
2011-10-21 18:32:38.817,1227.0,1228.0,1225.5,1226.75,57092,70043332.5,17291
2011-10-21 18:56:18.031,1226.75,1229.0,1224.5,1228.0,57040,70002541.75,16107
2011-10-21 19:13:31.377,1228.0,1231.25,1227.25,1229.5,56923,70001690.0,16176
2011-10-21 19:37:50.151,1229.5,1231.5,1228.25,1228.25,56923,70004045.5,17967
2011-10-21 19:52:52.185,1228.25,1231.5,1227.0,1231.5,56969,70002651.25,16513
2011-10-21 19:58:37.274,1231.5,1233.5,1231.25,1233.5,56802,70008524.25,14075
2011-10-21 20:00:36.350,1233.5,1234.25,1233.0,1233.25,56741,70005736.25,8930
2011-10-21 20:13:38.957,1233.0,1235.5,1232.75,1235.0,56850,70163417.0,9376
2011-10-24 02:07:01.287,1235.0,1235.75,1226.75,1232.0,56842,70000767.75,16669
2011-10-24 07:06:42.104,1232.0,1242.75,1231.5,1238.5,56525,70002555.0,21641
2011-10-24 08:45:27.846,1238.5,1242.0,1235.5,1236.25,56501,70002519.75,24000
2011-10-24 10:58:36.407,1236.25,1239.25,1233.0,1233.0,56638,70000775.5,21667
2011-10-24 12:36:03.105,1233.0,1236.75,1232.5,1236.75,56698,70002548.5,20593
2011-10-24 13:31:05.764,1236.75,1239.75,1235.0,1235.25,56584,70000267.75,18526
2011-10-24 13:40:16.628,1235.25,1240.5,1235.0,1240.25,56520,70000152.5,17235
2011-10-24 13:49:02.058,1240.25,1242.5,1239.5,1242.25,56409,70000714.75,15866
2011-10-24 14:00:17.684,1242.25,1243.0,1239.75,1240.75,56395,70004124.25,17011
2011-10-24 14:13:08.978,1240.75,1243.75,1239.0,1243.5,56403,70000355.25,17719
2011-10-24 14:23:37.404,1243.5,1245.25,1242.5,1244.0,56274,70003813.5,15798
2011-10-24 14:34:51.299,1244.0,1246.25,1243.5,1246.0,56235,70002025.5,15849
2011-10-24 14:47:36.310,1246.0,1246.25,1243.75,1245.0,56230,70003228.5,14987
2011-10-24 14:59:15.582,1245.0,1245.0,1242.75,1243.75,56282,70001294.75,14095
2011-10-24 15:10:37.845,1243.75,1246.5,1243.25,1246.0,56212,70000441.0,13938
2011-10-24 15:20:41.531,1246.0,1247.75,1245.0,1247.5,56169,70006357.25,13008
2011-10-24 15:29:10.626,1247.5,1249.75,1247.25,1249.25,56074,70007237.25,9358
2011-10-24 15:39:19.492,1249.25,1249.5,1247.75,1248.25,56074,70005465.5,13369
2011-10-24 15:50:17.925,1248.25,1250.25,1248.0,1248.75,56042,70007673.5,11135
2011-10-24 16:05:39.380,1248.75,1248.75,1246.75,1247.5,56108,70008745.75,11423
2011-10-24 16:28:50.019,1247.5,1249.0,1247.25,1248.5,56082,70001211.0,12410
2011-10-24 16:44:59.914,1248.5,1248.75,1245.25,1246.0,56155,70009109.25,11725
2011-10-24 17:08:48.659,1246.0,1247.75,1244.75,1247.5,56160,70000789.5,13691
2011-10-24 17:37:50.139,1247.5,1249.5,1246.5,1248.75,56071,70002484.0,13830
2011-10-24 17:51:15.618,1248.75,1252.5,1248.5,1251.75,55992,70043230.0,10223
2011-10-24 18:13:35.010,1251.5,1252.25,1249.25,1249.25,55963,70009887.5,10662
2011-10-24 18:27:24.537,1249.25,1249.5,1246.75,1248.75,56082,70002556.0,11211
2011-10-24 18:53:48.184,1249.0,1250.0,1248.25,1249.5,56047,70001803.25,13253
2011-10-24 19:09:08.615,1249.5,1252.25,1249.0,1250.75,55970,70013351.5,12328
2011-10-24 19:22:28.901,1250.75,1250.75,1247.25,1248.0,56071,70017459.0,12846
2011-10-24 19:33:56.680,1248.0,1248.5,1245.25,1246.75,56176,70037140.5,11684
2011-10-24 19:45:40.344,1246.5,1249.75,1245.75,1247.25,56100,70005908.5,13015
2011-10-24 19:55:13.973,1247.25,1248.75,1245.5,1247.0,56133,70000441.25,11527
2011-10-24 19:59:55.252,1247.0,1250.75,1247.0,1249.75,56034,70000984.0,8131
2011-10-24 20:06:13.910,1249.75,1250.0,1249.0,1250.0,56030,70010447.0,5909
2011-10-24 22:01:48.103,1250.0,1250.0,1245.75,1248.0,56077,70000772.5,8587
2011-10-25 07:09:00.237,1247.75,1248.25,1242.0,1246.75,56239,70000814.25,22892
2011-10-25 09:10:34.545,1246.5,1249.75,1242.5,1246.0,56149,70002149.0,23444
2011-10-25 11:19:07.475,1246.0,1254.25,1246.0,1253.75,55976,70001981.0,21963
2011-10-25 12:18:40.768,1253.75,1254.5,1246.25,1246.5,55997,70031537.5,17612
2011-10-25 13:00:29.996,1246.5,1247.75,1242.0,1242.25,56217,70000330.25,15840
2011-10-25 13:23:04.507,1242.25,1245.5,1240.25,1242.75,56334,70001369.75,15309
2011-10-25 13:34:36.157,1242.75,1244.0,1239.0,1239.0,56381,70001226.25,16811
2011-10-25 13:37:03.164,1239.0,1239.5,1234.25,1235.0,56627,70013479.75,12954
2011-10-25 13:38:04.322,1235.0,1235.75,1227.5,1227.5,56883,70002403.0,13275
2011-10-25 13:39:28.458,1227.75,1234.25,1227.5,1233.25,56813,70000824.5,14354
2011-10-25 13:42:45.654,1233.25,1237.0,1232.25,1236.75,56689,70003760.25,16226
2011-10-25 13:46:36.910,1236.75,1238.0,1233.75,1238.0,56748,70107491.5,16507
2011-10-25 13:49:40.402,1238.0,1240.5,1236.5,1236.75,56525,70000801.0,15048
2011-10-25 13:55:28.514,1236.75,1239.0,1235.0,1237.75,56607,70013284.75,15996
2011-10-25 14:00:49.303,1237.75,1239.5,1232.25,1232.25,56659,70024255.0,15682
2011-10-25 14:04:42.669,1232.25,1237.25,1231.75,1233.0,56704,70006127.5,16305
2011-10-25 14:09:24.526,1233.0,1235.0,1230.5,1232.75,56813,70001783.25,17304
2011-10-25 14:17:23.689,1232.75,1236.0,1232.5,1235.75,56728,70027983.25,18196
2011-10-25 14:25:05.582,1235.75,1238.75,1235.25,1237.0,56608,70024573.5,16096
2011-10-25 14:35:53.603,1237.0,1240.0,1236.75,1238.25,56520,70005133.5,17694
2011-10-25 14:42:47.564,1238.25,1241.75,1237.5,1240.0,56444,70002487.75,14318
2011-10-25 14:51:13.210,1240.0,1241.5,1236.5,1236.75,56485,70004672.25,14886
2011-10-25 14:58:03.066,1236.75,1238.0,1235.5,1237.0,56735,70177263.25,14974
2011-10-25 15:06:20.718,1237.0,1237.5,1232.75,1232.75,56671,70007334.75,14463
2011-10-25 15:17:59.525,1232.75,1235.0,1232.5,1233.25,56746,70000719.0,15174
2011-10-25 15:30:51.413,1233.25,1234.25,1231.25,1234.0,56790,70000780.25,16838
2011-10-25 15:43:54.676,1234.0,1236.25,1233.0,1233.5,56717,70024400.5,15068
2011-10-25 16:06:01.769,1233.5,1235.5,1232.0,1234.75,56728,70007033.25,16270
2011-10-25 16:21:25.503,1234.75,1240.0,1234.5,1239.75,56549,70000498.0,14884
2011-10-25 16:40:40.800,1239.75,1241.0,1237.5,1237.5,56505,70038115.5,14122
2011-10-25 17:02:43.997,1237.5,1237.75,1235.0,1236.5,56633,70007113.25,15183
2011-10-25 17:28:37.291,1236.5,1239.5,1236.25,1237.25,56555,70012361.75,16590
2011-10-25 17:51:00.174,1237.25,1238.0,1234.0,1236.25,56665,70001237.25,17043
2011-10-25 18:07:37.159,1236.25,1237.75,1232.25,1233.5,56683,70002975.0,15267
2011-10-25 18:19:20.546,1233.5,1234.25,1231.0,1232.25,56814,70018994.25,15019
2011-10-25 18:36:49.169,1232.25,1233.25,1230.5,1231.5,56844,70017815.0,16934
2011-10-25 18:55:05.381,1231.5,1234.75,1230.25,1232.25,56792,70007039.75,16328
2011-10-25 19:14:04.796,1232.25,1236.75,1232.0,1232.75,56715,70008798.25,17797
2011-10-25 19:28:03.022,1232.75,1232.75,1228.25,1229.25,56899,70008365.75,16654
2011-10-25 19:42:12.107,1229.25,1232.0,1228.25,1229.75,56917,70008865.25,17756
2011-10-25 19:49:52.774,1229.75,1230.0,1225.75,1226.5,57040,70000588.25,12045
2011-10-25 19:54:57.290,1226.5,1226.75,1224.0,1224.5,57143,70008382.25,9988
2011-10-25 19:58:30.204,1224.5,1224.75,1222.25,1222.75,57317,70121595.25,8297
2011-10-25 19:59:59.072,1222.75,1225.75,1222.25,1225.0,57200,70009431.5,6423
2011-10-25 20:03:15.458,1225.0,1227.0,1224.5,1226.75,57128,70000835.75,6554
2011-10-25 20:14:25.270,1226.75,1227.5,1222.5,1224.0,57350,70248435.75,10520
2011-10-26 05:12:24.706,1224.25,1231.25,1223.0,1230.75,57070,70000845.5,18386
2011-10-26 08:02:48.201,1230.75,1234.75,1227.75,1233.75,56835,70005556.0,22660
2011-10-26 10:34:00.753,1233.75,1234.75,1228.75,1230.25,56856,70001451.5,21753
2011-10-26 12:21:32.186,1230.25,1234.0,1229.25,1232.0,56830,70000879.5,21869
2011-10-26 12:55:12.416,1232.0,1236.75,1230.75,1235.0,56777,70005014.25,16491
2011-10-26 13:22:29.281,1235.0,1239.5,1234.5,1238.25,56589,70000756.25,15649
2011-10-26 13:36:05.995,1238.25,1239.75,1237.0,1237.0,56516,70001157.75,16686
2011-10-26 13:40:33.063,1237.0,1237.5,1234.0,1236.25,56661,70005025.5,16434
2011-10-26 13:47:34.931,1236.25,1237.5,1234.0,1235.0,56649,70003839.25,17675
2011-10-26 13:54:49.368,1235.0,1236.0,1233.25,1235.75,56717,70016919.25,15806
2011-10-26 14:03:26.272,1235.75,1236.75,1232.75,1233.75,56700,70000098.0,15114
2011-10-26 14:09:43.993,1233.75,1234.5,1229.5,1229.75,56869,70048845.0,16136
2011-10-26 14:15:18.048,1229.75,1230.75,1226.25,1226.25,56989,70003775.25,15382
2011-10-26 14:21:59.262,1226.25,1229.75,1225.75,1229.5,57057,70051391.75,16893
2011-10-26 14:32:04.050,1229.5,1229.75,1226.75,1228.0,56996,70004087.75,18354
2011-10-26 14:38:40.963,1228.0,1229.25,1225.25,1229.0,57091,70062839.75,16030
2011-10-26 14:44:50.375,1229.0,1229.25,1223.75,1224.0,57091,70001825.0,14317
2011-10-26 14:49:51.359,1224.0,1224.75,1219.75,1219.75,57283,70005415.25,13234
2011-10-26 14:55:04.889,1219.75,1220.75,1218.0,1218.5,57423,70010390.0,14261
2011-10-26 15:02:13.295,1218.5,1220.75,1216.5,1220.75,57455,70003224.0,16744
2011-10-26 15:09:52.903,1220.75,1223.0,1220.25,1220.75,57389,70101762.0,11842
2011-10-26 15:21:43.719,1220.75,1224.25,1220.0,1222.5,57267,70008615.5,13474
2011-10-26 15:34:50.747,1222.5,1225.0,1220.25,1224.75,57266,70021334.25,17062
2011-10-26 15:45:34.880,1224.75,1228.0,1223.25,1227.0,57116,70008582.0,15161
2011-10-26 16:10:03.465,1227.0,1227.75,1225.5,1226.5,57073,70010888.25,17072
2011-10-26 16:40:59.178,1226.5,1227.0,1223.75,1226.5,57126,70001674.0,18439
2011-10-26 17:09:22.882,1226.5,1226.75,1221.5,1222.0,57186,70000558.0,16666
2011-10-26 17:30:10.224,1222.0,1225.25,1220.5,1225.0,57277,70012849.25,17341
2011-10-26 17:36:34.085,1225.0,1230.5,1224.75,1230.5,57021,70000468.5,14966
2011-10-26 17:42:25.268,1230.5,1232.0,1229.75,1231.25,56870,70000767.75,15940
2011-10-26 17:51:26.046,1231.25,1233.0,1229.25,1230.75,56859,70000802.75,17242
2011-10-26 17:55:36.081,1230.75,1234.75,1229.0,1232.75,56817,70000167.0,16609
2011-10-26 18:01:25.037,1232.75,1234.25,1229.0,1233.5,56824,70000310.25,16577
2011-10-26 18:09:21.083,1233.5,1235.75,1232.0,1235.75,56731,70000069.25,16628
2011-10-26 18:19:29.015,1235.75,1236.75,1232.5,1232.75,56689,70000778.0,16385
2011-10-26 18:33:56.347,1232.75,1236.75,1231.5,1236.75,56754,70004409.0,16899
2011-10-26 18:41:15.947,1236.75,1239.25,1235.5,1237.0,56572,70002053.75,14570
2011-10-26 18:52:42.484,1237.25,1238.25,1234.0,1234.75,56619,70001176.75,17372
2011-10-26 19:06:13.468,1234.75,1236.75,1232.5,1234.0,56706,70004910.25,16390
2011-10-26 19:19:59.469,1234.0,1239.0,1233.25,1236.25,56609,70000342.25,16474
2011-10-26 19:31:01.681,1236.25,1239.25,1235.25,1237.75,56586,70000655.75,16546
2011-10-26 19:36:06.121,1238.0,1242.0,1237.75,1241.0,56430,70015603.0,12043
2011-10-26 19:44:02.892,1241.25,1242.5,1238.75,1241.5,56421,70000636.5,13896
2011-10-26 19:51:04.010,1241.5,1242.0,1235.75,1236.25,56524,70000855.75,14216
2011-10-26 19:58:07.953,1236.25,1238.0,1235.0,1236.5,56617,70002045.0,11764
2011-10-26 20:00:08.759,1236.5,1238.75,1236.5,1238.0,56639,70106265.75,7043
2011-10-26 20:10:50.305,1238.0,1239.25,1237.5,1238.75,56560,70036307.5,7959
2011-10-26 23:59:45.030,1238.75,1244.5,1236.5,1240.25,56498,70018002.75,12651
2011-10-27 02:35:03.104,1240.25,1252.0,1237.75,1249.5,56228,70002993.25,20193
2011-10-27 06:18:58.791,1249.5,1258.0,1249.5,1257.5,55817,70000671.75,20608
2011-10-27 07:26:41.016,1257.5,1259.75,1253.0,1254.0,55723,70000083.0,19118
2011-10-27 08:46:44.137,1254.0,1259.75,1253.25,1256.75,55672,70005501.25,19966
2011-10-27 10:10:40.407,1256.75,1263.25,1255.75,1261.0,55588,70000575.25,17886
2011-10-27 11:31:20.219,1261.0,1264.0,1260.5,1263.5,55435,70001236.0,18715
2011-10-27 12:16:59.323,1263.5,1267.75,1262.5,1267.0,55310,70000952.75,18880
2011-10-27 12:39:56.267,1267.0,1269.5,1265.75,1266.5,55212,70005085.0,15324
2011-10-27 13:08:53.917,1266.5,1270.25,1266.25,1270.25,55213,70026599.75,14346
2011-10-27 13:20:57.964,1270.25,1273.25,1269.25,1271.5,55048,70000030.25,13612
2011-10-27 13:32:25.714,1271.5,1272.5,1270.25,1271.0,55076,70024054.75,17262
2011-10-27 13:36:45.291,1271.0,1272.25,1270.0,1270.0,55073,70000526.75,14656
2011-10-27 13:41:25.368,1270.0,1270.75,1268.0,1270.5,55155,70006509.75,15342
2011-10-27 13:46:41.055,1270.5,1270.75,1267.5,1267.5,55196,70040871.75,16105
2011-10-27 13:53:29.233,1267.5,1268.5,1266.75,1267.0,55221,70001242.75,15462
2011-10-27 14:00:14.235,1267.25,1269.0,1264.5,1265.0,55257,70013447.25,14778
2011-10-27 14:07:50.035,1265.0,1267.0,1264.5,1264.5,55303,70000025.5,16326
2011-10-27 14:16:03.287,1264.5,1266.0,1263.5,1265.5,55361,70003921.75,15151
2011-10-27 14:25:47.701,1265.5,1267.0,1263.5,1263.5,55316,70003863.75,15764
2011-10-27 14:32:40.678,1263.75,1263.75,1261.25,1262.0,55557,70136720.75,13903
2011-10-27 14:40:16.160,1262.0,1263.0,1260.75,1261.75,55484,70000980.25,15100
2011-10-27 14:46:39.709,1261.75,1265.75,1261.75,1265.5,55416,70033748.0,12924
2011-10-27 14:57:11.228,1265.5,1266.75,1263.75,1266.5,55323,70002910.0,14269
2011-10-27 15:04:47.064,1266.5,1267.5,1265.0,1266.75,55287,70015005.75,11561
2011-10-27 15:15:00.083,1266.75,1267.75,1265.75,1266.5,55263,70009912.25,13314
2011-10-27 15:28:50.765,1266.5,1268.25,1265.25,1266.25,55284,70010717.0,15126
2011-10-27 15:39:38.562,1266.25,1269.25,1265.75,1269.0,55250,70016361.5,15062
2011-10-27 15:54:27.544,1269.0,1269.5,1267.5,1269.25,55178,70001048.75,15149
2011-10-27 16:00:24.808,1269.25,1272.0,1268.75,1272.0,55085,70000891.5,10757
2011-10-27 16:04:02.165,1272.0,1274.75,1271.75,1274.75,54965,70001828.75,9832
2011-10-27 16:08:47.522,1274.75,1275.5,1273.25,1273.5,54920,70005194.25,9251
2011-10-27 16:21:11.066,1273.5,1275.75,1273.25,1275.0,54932,70000114.5,11853
2011-10-27 16:34:28.635,1275.0,1275.5,1272.75,1275.0,54947,70000023.0,13767
2011-10-27 16:53:06.532,1274.75,1275.5,1272.75,1273.0,54938,70010481.75,15628
2011-10-27 17:09:56.279,1273.0,1275.25,1272.25,1274.25,54963,70009835.25,14999
2011-10-27 17:19:53.204,1274.25,1278.0,1274.0,1277.0,54829,70000454.5,14030
2011-10-27 17:40:24.259,1277.0,1278.25,1275.5,1278.0,54870,70054128.75,16537
2011-10-27 17:54:00.991,1278.0,1280.0,1276.75,1280.0,54764,70016724.75,13513
2011-10-27 18:03:14.114,1280.0,1281.75,1279.75,1281.75,54678,70009806.0,12086
2011-10-27 18:09:57.815,1281.75,1282.75,1280.0,1280.25,54611,70000955.75,12244
2011-10-27 18:19:44.272,1280.25,1280.5,1278.25,1279.75,54714,70000646.25,13011
2011-10-27 18:34:23.933,1279.75,1282.25,1279.0,1281.0,54659,70000105.5,14511
2011-10-27 18:43:51.031,1281.0,1284.25,1280.75,1283.25,54567,70001660.5,13187
2011-10-27 18:58:02.195,1283.25,1284.25,1280.75,1283.0,54598,70008809.75,15319
2011-10-27 19:09:29.272,1283.0,1284.75,1281.25,1284.25,54608,70055836.0,15121
2011-10-27 19:19:36.904,1284.25,1286.0,1283.0,1285.75,54519,70009090.5,13423
2011-10-27 19:22:30.205,1285.75,1288.25,1285.5,1287.5,54404,70009998.25,8442
2011-10-27 19:26:57.317,1287.25,1289.25,1287.25,1288.0,54346,70007464.0,8760
2011-10-27 19:31:18.182,1288.0,1288.75,1285.75,1286.25,54383,70003071.0,8203
2011-10-27 19:36:57.317,1286.25,1286.75,1284.75,1285.25,54453,70002830.0,9785
2011-10-27 19:43:27.028,1285.25,1285.75,1283.25,1284.5,54517,70030011.0,9887
2011-10-27 19:48:01.112,1284.5,1285.25,1282.0,1282.25,54553,70013177.25,9194
2011-10-27 19:50:02.084,1282.25,1282.5,1277.5,1279.75,54701,70003730.0,8459
2011-10-27 19:52:51.354,1279.75,1280.0,1276.25,1278.0,54762,70001232.75,9122
2011-10-27 19:55:40.969,1278.0,1279.0,1274.5,1275.5,54893,70083906.75,9275
2011-10-27 19:58:49.118,1275.5,1279.75,1275.25,1279.25,54793,70000560.25,9626
2011-10-27 19:59:59.053,1279.5,1281.5,1279.25,1280.75,54798,70171262.5,6206
2011-10-27 20:03:07.316,1280.75,1282.0,1280.25,1281.5,54642,70002093.5,6545
2011-10-27 20:14:50.071,1281.5,1283.25,1280.75,1282.75,54599,70004716.25,8755
2011-10-28 03:35:23.568,1282.75,1284.25,1277.25,1277.5,54637,70000320.75,15777
2011-10-28 07:34:53.100,1277.5,1279.75,1274.25,1275.5,54884,70062072.0,20722
2011-10-28 09:04:50.411,1275.5,1282.25,1275.25,1279.75,54728,70000205.75,20912
2011-10-28 10:34:14.897,1279.75,1280.25,1274.0,1274.5,54820,70008131.75,18617
2011-10-28 11:52:26.480,1274.75,1278.25,1273.5,1274.75,54894,70010642.75,20050
2011-10-28 13:07:49.863,1274.75,1277.25,1273.75,1274.0,54883,70000435.25,18431
2011-10-28 13:32:19.748,1274.0,1276.25,1273.25,1275.5,54931,70019523.0,17222
2011-10-28 13:38:09.602,1275.5,1277.0,1273.5,1276.75,54895,70004188.25,16275
2011-10-28 13:43:54.539,1276.75,1279.25,1276.25,1276.75,54797,70019804.0,14964
2011-10-28 13:50:46.788,1276.75,1278.25,1273.0,1273.5,54921,70052256.25,15184
2011-10-28 13:59:22.198,1273.5,1276.5,1272.75,1275.5,54931,70001102.5,16789
2011-10-28 14:06:53.267,1275.5,1277.5,1273.0,1273.75,54878,70000257.75,16869
2011-10-28 14:16:08.428,1273.75,1277.25,1273.5,1274.25,54898,70002195.75,17754
2011-10-28 14:26:51.641,1274.5,1278.25,1273.75,1276.75,54836,70000423.0,17005
2011-10-28 14:38:12.576,1276.75,1280.25,1275.75,1280.0,54771,70000339.0,15712
2011-10-28 14:50:21.095,1279.75,1280.5,1277.25,1278.5,54744,70012663.5,16764
2011-10-28 15:04:03.382,1278.5,1280.5,1277.25,1280.0,54736,70018411.0,15943
2011-10-28 15:13:44.322,1280.0,1282.0,1279.5,1281.5,54645,70002635.0,12185
2011-10-28 15:27:47.705,1281.5,1281.75,1279.75,1279.75,54676,70018610.5,15074
2011-10-28 15:40:22.354,1279.75,1282.25,1279.0,1279.25,54658,70002478.75,14405
2011-10-28 15:49:42.699,1279.0,1279.5,1277.0,1277.5,54766,70004210.0,11857
2011-10-28 16:05:22.600,1277.5,1278.25,1275.5,1276.75,54838,70005958.25,13788
2011-10-28 16:27:27.488,1276.75,1278.25,1274.5,1274.75,54830,70004082.5,15338
2011-10-28 16:50:12.075,1274.5,1277.75,1274.5,1277.75,54872,70021062.25,15785
2011-10-28 17:15:22.472,1277.75,1279.5,1276.25,1278.0,54779,70009166.0,16423
2011-10-28 17:36:56.500,1278.0,1281.5,1277.5,1280.5,54691,70000221.5,15848
2011-10-28 18:06:47.418,1280.75,1280.75,1277.0,1277.25,54743,70004513.5,18626
2011-10-28 18:36:56.853,1277.25,1279.0,1276.25,1278.0,54794,70010585.75,17038
2011-10-28 19:03:11.442,1278.0,1280.0,1277.0,1279.25,54761,70000816.75,18175
2011-10-28 19:26:20.668,1279.25,1281.25,1277.25,1279.0,54713,70000434.0,18037
2011-10-28 19:44:48.796,1279.0,1281.75,1277.25,1281.25,54721,70009824.75,17358
2011-10-28 19:53:47.369,1281.25,1283.0,1279.5,1283.0,54639,70015395.5,12265
2011-10-28 19:59:40.015,1283.0,1283.5,1280.5,1281.0,54620,70012376.0,8598
2011-10-28 20:01:08.417,1281.0,1282.25,1280.5,1282.0,55020,70502015.5,5167
2011-10-30 22:35:29.006,1281.75,1283.5,1277.5,1278.5,54612,70000127.5,9732
2011-10-31 05:14:42.282,1278.5,1278.75,1267.25,1267.75,54955,70001969.5,20579
2011-10-31 08:39:08.552,1267.75,1274.25,1267.75,1269.0,55102,70010800.0,20830
2011-10-31 10:18:19.664,1269.0,1270.25,1266.5,1269.0,55201,70000513.5,21548
2011-10-31 12:13:13.142,1269.0,1270.75,1266.25,1268.25,55192,70001278.5,18797
2011-10-31 13:21:14.586,1268.25,1268.75,1264.5,1267.75,55293,70007651.0,18235
2011-10-31 13:35:39.062,1267.75,1268.0,1264.0,1264.0,55332,70053796.5,17203
2011-10-31 13:44:06.077,1264.0,1265.5,1263.0,1263.5,55376,70013095.0,15760
2011-10-31 13:54:13.265,1263.5,1264.75,1261.75,1263.5,55425,70001000.0,16522
2011-10-31 14:11:22.920,1263.5,1265.25,1262.0,1265.0,55402,70000536.0,19176
2011-10-31 14:22:27.503,1265.0,1266.75,1263.0,1264.5,55344,70017882.75,17581
2011-10-31 14:39:53.099,1264.5,1267.0,1263.0,1267.0,55386,70068572.75,15435
2011-10-31 14:54:05.191,1267.0,1267.5,1263.75,1265.75,55309,70001214.5,16294
2011-10-31 15:05:12.805,1265.75,1267.0,1263.5,1264.0,55341,70005050.75,15715
2011-10-31 15:16:20.571,1264.0,1266.5,1262.5,1262.75,55420,70079912.0,13806
2011-10-31 15:27:56.538,1262.75,1263.75,1261.5,1262.5,55445,70001059.75,13278
2011-10-31 15:42:39.855,1262.5,1264.75,1262.5,1264.75,55396,70002201.0,13485
2011-10-31 16:01:03.304,1264.75,1265.5,1263.25,1264.25,55390,70048094.25,13837
2011-10-31 16:17:38.942,1264.25,1265.0,1262.5,1262.75,55394,70008449.75,13791
2011-10-31 16:29:46.959,1262.75,1263.0,1259.5,1260.0,55503,70009023.25,15236
2011-10-31 16:41:43.670,1260.0,1261.0,1258.75,1260.25,55572,70004698.0,14198
2011-10-31 17:02:40.503,1260.25,1262.0,1260.0,1262.0,56484,71234212.5,14634
2011-10-31 17:25:21.497,1262.0,1264.0,1262.0,1262.5,55444,70037200.5,15115
2011-10-31 17:47:09.054,1262.5,1266.0,1261.75,1265.75,55387,70000855.0,15341
2011-10-31 18:08:35.166,1265.75,1267.25,1264.25,1264.25,55434,70168532.5,14807
2011-10-31 18:36:08.759,1264.25,1265.5,1262.5,1262.5,55402,70017828.5,16112
2011-10-31 18:59:41.259,1262.5,1264.75,1261.25,1264.0,55445,70012698.75,16068
2011-10-31 19:13:14.500,1264.0,1264.0,1259.5,1259.75,55503,70005996.5,13897
2011-10-31 19:20:20.572,1259.75,1260.0,1256.0,1256.5,55647,70004750.0,12579
2011-10-31 19:29:45.783,1256.5,1257.75,1255.0,1255.25,55735,70009316.25,11631
2011-10-31 19:37:27.471,1255.25,1258.5,1254.25,1257.0,55752,70031632.25,11056
2011-10-31 19:45:29.292,1257.0,1258.0,1254.5,1254.5,55740,70016700.0,13735
2011-10-31 19:50:25.347,1254.5,1255.0,1252.5,1254.0,55854,70015766.75,11512
2011-10-31 19:55:48.077,1254.0,1256.5,1253.0,1254.25,55792,70000830.0,10647
2011-10-31 19:58:12.070,1254.25,1254.5,1251.25,1251.25,55892,70030087.0,7258
2011-10-31 19:59:25.112,1251.25,1251.5,1250.0,1250.25,55977,70004921.25,6233
2011-10-31 19:59:54.498,1250.25,1250.25,1249.0,1249.25,56043,70039951.25,3933
2011-10-31 20:00:00.806,1249.25,1249.5,1247.5,1248.75,56128,70082941.5,5148
2011-10-31 20:00:37.479,1248.5,1250.0,1247.0,1247.5,56257,70228825.75,5739
2011-10-31 20:04:39.265,1247.5,1248.5,1246.25,1248.25,56106,70000034.0,7243
2011-10-31 20:14:06.478,1248.25,1248.75,1245.25,1247.0,56201,70079328.25,8586
2011-11-01 00:10:47.951,1247.0,1247.5,1241.5,1246.0,56270,70000927.5,13169
2011-11-01 06:42:36.081,1246.0,1248.0,1237.25,1238.25,56342,70000667.0,19247
2011-11-01 08:08:23.517,1238.25,1238.25,1229.75,1229.75,56788,70024848.25,20910
2011-11-01 09:00:26.324,1229.75,1233.25,1226.0,1228.25,56967,70007414.0,21506
2011-11-01 10:12:09.639,1228.25,1233.25,1226.0,1226.25,56905,70000500.5,21278
2011-11-01 11:03:24.580,1226.25,1229.0,1222.5,1224.75,57136,70002797.25,17946
2011-11-01 11:51:31.935,1224.75,1227.75,1222.5,1222.75,57131,70007065.0,18684
2011-11-01 12:05:21.876,1222.75,1223.25,1212.5,1218.25,57451,70000909.25,16457
2011-11-01 12:37:40.211,1218.25,1223.0,1215.0,1215.25,57397,70001423.0,20585
2011-11-01 12:52:18.263,1215.25,1216.25,1208.5,1208.75,57706,70002561.0,16487
2011-11-01 13:06:46.731,1208.75,1213.5,1208.5,1209.5,57816,70019556.75,15596
2011-11-01 13:30:00.061,1209.75,1214.75,1208.75,1214.5,57750,70034953.0,17616
2011-11-01 13:32:55.792,1214.5,1214.75,1209.75,1210.5,57780,70003265.25,18457
2011-11-01 13:36:42.149,1210.5,1215.5,1209.5,1215.5,57724,70000427.75,17015
2011-11-01 13:41:15.533,1215.5,1217.75,1214.5,1217.75,57635,70088548.5,17422
2011-11-01 13:44:54.508,1217.75,1219.75,1216.0,1216.25,57482,70011870.0,16004
2011-11-01 13:51:10.993,1216.25,1219.25,1216.0,1217.5,57495,70003518.25,18060
2011-11-01 13:58:37.421,1217.5,1220.75,1217.25,1220.5,57432,70008108.0,17265
2011-11-01 14:01:40.110,1220.5,1221.0,1214.75,1218.5,57541,70050428.75,15596
2011-11-01 14:06:51.023,1218.5,1222.5,1218.5,1219.25,57353,70002358.0,18312
2011-11-01 14:12:28.518,1219.25,1224.5,1219.0,1224.0,57309,70001326.75,16464
2011-11-01 14:21:02.267,1224.0,1224.75,1221.5,1222.0,57243,70022882.75,17649
2011-11-01 14:26:55.811,1222.0,1227.25,1220.5,1226.5,57193,70001468.5,15199
2011-11-01 14:34:06.856,1226.5,1227.75,1224.5,1227.5,57179,70107760.0,15807
2011-11-01 14:41:40.908,1227.5,1228.75,1226.25,1227.25,57027,70000610.75,15652
2011-11-01 14:49:58.479,1227.25,1227.5,1223.0,1224.5,57153,70002384.0,15164
2011-11-01 14:57:48.166,1224.5,1226.5,1222.25,1223.0,57154,70000468.0,15902
2011-11-01 15:08:24.213,1223.0,1224.25,1220.25,1222.0,57289,70014108.25,14972
2011-11-01 15:20:00.808,1222.0,1225.75,1221.0,1225.5,57215,70000060.0,17064
2011-11-01 15:31:33.836,1225.5,1225.75,1221.0,1221.0,57231,70001955.0,15857
2011-11-01 15:37:51.978,1221.0,1221.25,1217.25,1219.0,57430,70011540.5,14970
2011-11-01 15:47:14.969,1219.0,1219.5,1215.0,1217.25,57507,70001086.0,15837
2011-11-01 15:54:07.561,1217.25,1217.75,1212.75,1212.75,57645,70017416.75,16153
2011-11-01 16:03:09.274,1212.75,1215.5,1211.5,1213.0,57682,70001098.0,14939
2011-11-01 16:11:10.295,1213.25,1217.0,1210.75,1216.75,57714,70067922.25,16086
2011-11-01 16:21:02.701,1216.75,1218.5,1212.5,1213.0,57579,70000793.25,14759
2011-11-01 16:34:25.125,1213.0,1218.0,1212.25,1218.0,57640,70040820.0,16928
2011-11-01 16:44:57.180,1218.0,1219.5,1215.5,1216.0,57481,70006051.5,15312
2011-11-01 16:56:16.544,1216.0,1217.25,1212.0,1213.5,57647,70004795.0,15590
2011-11-01 17:07:55.666,1213.5,1215.5,1210.75,1214.75,57723,70010899.75,15798
2011-11-01 17:21:06.303,1214.75,1215.5,1212.5,1212.75,57674,70004857.75,15962
2011-11-01 17:28:57.985,1212.75,1216.5,1210.5,1216.5,57697,70002212.25,16880
2011-11-01 17:30:55.610,1216.5,1224.5,1216.25,1223.5,57350,70019960.0,14570
2011-11-01 17:35:18.509,1223.5,1224.5,1218.5,1224.25,57298,70001516.0,16090
2011-11-01 17:43:10.514,1224.25,1224.75,1220.25,1223.75,57249,70000469.75,16228
2011-11-01 17:49:24.037,1223.75,1227.75,1222.25,1225.0,57157,70054712.75,14923
2011-11-01 17:57:11.424,1225.0,1227.25,1218.25,1219.75,57228,70003181.0,15699
2011-11-01 18:08:12.704,1219.75,1224.75,1218.5,1223.75,57315,70001058.5,17633
2011-11-01 18:21:43.777,1223.75,1226.5,1222.25,1226.0,57209,70049927.0,16455
2011-11-01 18:30:24.365,1226.0,1229.5,1225.25,1226.75,57020,70004993.5,14783
2011-11-01 18:42:56.078,1226.75,1229.25,1223.5,1224.5,57084,70000433.5,17054
2011-11-01 18:54:48.969,1224.5,1227.0,1220.75,1221.5,57210,70042456.5,15261
2011-11-01 19:05:02.137,1221.5,1223.0,1217.25,1218.25,57368,70000492.75,15973
2011-11-01 19:15:18.781,1218.25,1221.75,1216.0,1220.25,57460,70000248.75,16313
2011-11-01 19:26:05.818,1220.25,1221.25,1216.0,1218.5,57451,70008263.75,16456
2011-11-01 19:37:40.406,1218.5,1223.75,1217.5,1223.0,57323,70001201.75,15935
2011-11-01 19:44:47.711,1223.0,1225.25,1218.5,1218.5,57278,70002857.75,15433
2011-11-01 19:46:37.995,1218.5,1219.25,1214.0,1214.25,57562,70015772.5,12917
2011-11-01 19:50:33.544,1214.25,1217.25,1212.5,1215.75,57632,70002431.25,14559
2011-11-01 19:54:46.400,1215.75,1216.25,1211.25,1211.75,57694,70002057.0,13621
2011-11-01 19:58:50.381,1211.75,1215.75,1211.75,1213.5,57752,70098764.75,12713
2011-11-01 20:00:01.964,1213.5,1215.0,1212.75,1214.75,57686,70023179.25,6654
2011-11-01 20:05:00.358,1214.75,1221.25,1214.25,1221.0,57507,70006989.25,9132
2011-11-01 20:14:50.025,1221.0,1225.0,1220.75,1225.0,57303,70045704.0,10376
